[{"pk": 1, "model": "supply.stock", "fields": {"domain": 1, "balance": 9900, "location": 2}}, {"pk": 2, "model": "supply.stock", "fields": {"domain": 1, "balance": 11710, "location": 48}}, {"pk": 3, "model": "supply.stock", "fields": {"domain": 1, "balance": 11270, "location": 3}}, {"pk": 4, "model": "supply.stock", "fields": {"domain": 1, "balance": 9980, "location": 63}}, {"pk": 5, "model": "supply.stock", "fields": {"domain": 1, "balance": 20420, "location": 57}}, {"pk": 6, "model": "supply.stock", "fields": {"domain": 1, "balance": 23510, "location": 1}}, {"pk": 7, "model": "supply.stock", "fields": {"domain": 1, "balance": 8630, "location": 16}}, {"pk": 8, "model": "supply.stock", "fields": {"domain": 1, "balance": 8300, "location": 50}}, {"pk": 9, "model": "supply.stock", "fields": {"domain": 1, "balance": 22500, "location": 10}}, {"pk": 10, "model": "supply.stock", "fields": {"domain": 1, "balance": 15350, "location": 358}}, {"pk": 11, "model": "supply.stock", "fields": {"domain": 1, "balance": 29030, "location": 4}}, {"pk": 12, "model": "supply.stock", "fields": {"domain": 1, "balance": 20130, "location": 71}}, {"pk": 13, "model": "supply.stock", "fields": {"domain": 1, "balance": 20510, "location": 61}}, {"pk": 14, "model": "supply.stock", "fields": {"domain": 1, "balance": 18170, "location": 51}}, {"pk": 15, "model": "supply.stock", "fields": {"domain": 1, "balance": 12760, "location": 66}}, {"pk": 16, "model": "supply.stock", "fields": {"domain": 1, "balance": 7480, "location": 72}}, {"pk": 17, "model": "supply.stock", "fields": {"domain": 1, "balance": 19370, "location": 74}}, {"pk": 18, "model": "supply.stock", "fields": {"domain": 1, "balance": 12910, "location": 15}}, {"pk": 19, "model": "supply.stock", "fields": {"domain": 1, "balance": 13290, "location": 46}}, {"pk": 20, "model": "supply.stock", "fields": {"domain": 1, "balance": 11260, "location": 54}}, {"pk": 21, "model": "supply.stock", "fields": {"domain": 1, "balance": 9260, "location": 38}}, {"pk": 22, "model": "supply.stock", "fields": {"domain": 1, "balance": 9330, "location": 432}}, {"pk": 23, "model": "supply.stock", "fields": {"domain": 1, "balance": 20860, "location": 19}}, {"pk": 24, "model": "supply.stock", "fields": {"domain": 1, "balance": 15120, "location": 73}}, {"pk": 25, "model": "supply.stock", "fields": {"domain": 1, "balance": 15550, "location": 64}}, {"pk": 26, "model": "supply.stock", "fields": {"domain": 1, "balance": 13740, "location": 21}}, {"pk": 27, "model": "supply.stock", "fields": {"domain": 1, "balance": 4140, "location": 49}}, {"pk": 28, "model": "supply.stock", "fields": {"domain": 1, "balance": 21020, "location": 11}}, {"pk": 29, "model": "supply.stock", "fields": {"domain": 1, "balance": 13920, "location": 59}}, {"pk": 30, "model": "supply.stock", "fields": {"domain": 1, "balance": 20900, "location": 468}}, {"pk": 31, "model": "supply.stock", "fields": {"domain": 1, "balance": 11900, "location": 34}}, {"pk": 32, "model": "supply.stock", "fields": {"domain": 1, "balance": 13100, "location": 70}}, {"pk": 33, "model": "supply.stock", "fields": {"domain": 1, "balance": 6870, "location": 60}}, {"pk": 34, "model": "supply.stock", "fields": {"domain": 1, "balance": 7580, "location": 8}}, {"pk": 35, "model": "supply.stock", "fields": {"domain": 1, "balance": 15000, "location": 55}}, {"pk": 36, "model": "supply.stock", "fields": {"domain": 1, "balance": 17670, "location": 36}}, {"pk": 37, "model": "supply.stock", "fields": {"domain": 1, "balance": 22630, "location": 24}}, {"pk": 38, "model": "supply.stock", "fields": {"domain": 1, "balance": 19120, "location": 42}}, {"pk": 1, "model": "supply.shipment", "fields": {"origin": 2, "received": "2009-04-14 13:13:00", "destination": 48, "shipment_id": 70998, "sent": "2009-04-10 13:46:00"}}, {"pk": 2, "model": "supply.shipment", "fields": {"origin": 3, "received": "2009-04-10 16:36:00", "destination": 63, "shipment_id": 40317, "sent": "2009-04-05 14:57:00"}}, {"pk": 3, "model": "supply.shipment", "fields": {"origin": 3, "received": "2009-04-18 21:35:00", "destination": 57, "shipment_id": 21111, "sent": "2009-04-11 18:00:00"}}, {"pk": 4, "model": "supply.shipment", "fields": {"origin": 1, "received": "2009-04-15 11:17:00", "destination": 16, "shipment_id": 14612, "sent": "2009-04-07 14:14:00"}}, {"pk": 5, "model": "supply.shipment", "fields": {"origin": 2, "received": "2009-04-19 00:51:00", "destination": 50, "shipment_id": 58627, "sent": "2009-04-15 14:59:00"}}, {"pk": 6, "model": "supply.shipment", "fields": {"origin": 1, "received": "2009-04-19 14:28:00", "destination": 10, "shipment_id": 89365, "sent": "2009-04-10 14:42:00"}}, {"pk": 7, "model": "supply.shipment", "fields": {"origin": 4, "received": "2009-04-20 22:42:00", "destination": 71, "shipment_id": 83421, "sent": "2009-04-20 04:57:00"}}, {"pk": 8, "model": "supply.shipment", "fields": {"origin": 3, "received": "2009-04-22 15:13:00", "destination": 61, "shipment_id": 19493, "sent": "2009-04-14 12:51:00"}}, {"pk": 9, "model": "supply.shipment", "fields": {"origin": 2, "received": "2009-04-17 19:24:00", "destination": 51, "shipment_id": 12541, "sent": "2009-04-14 19:29:00"}}, {"pk": 10, "model": "supply.shipment", "fields": {"origin": 4, "received": "2009-04-29 06:54:00", "destination": 66, "shipment_id": 53257, "sent": "2009-04-22 07:29:00"}}, {"pk": 11, "model": "supply.shipment", "fields": {"origin": 4, "received": "2009-04-07 19:06:00", "destination": 72, "shipment_id": 98902, "sent": "2009-04-06 22:46:00"}}, {"pk": 12, "model": "supply.shipment", "fields": {"origin": 1, "received": "2009-04-19 17:11:00", "destination": 15, "shipment_id": 37354, "sent": "2009-04-17 23:21:00"}}, {"pk": 13, "model": "supply.shipment", "fields": {"origin": 4, "received": "2009-04-29 16:53:00", "destination": 71, "shipment_id": 73259, "sent": "2009-04-27 09:03:00"}}, {"pk": 14, "model": "supply.shipment", "fields": {"origin": 2, "received": "2009-04-12 13:07:00", "destination": 46, "shipment_id": 33773, "sent": "2009-04-08 10:38:00"}}, {"pk": 15, "model": "supply.shipment", "fields": {"origin": 4, "received": "2009-04-16 06:18:00", "destination": 74, "shipment_id": 79685, "sent": "2009-04-12 10:34:00"}}, {"pk": 16, "model": "supply.shipment", "fields": {"origin": 1, "received": "2009-04-28 17:09:00", "destination": 38, "shipment_id": 33408, "sent": "2009-04-19 19:12:00"}}, {"pk": 17, "model": "supply.shipment", "fields": {"origin": 1, "received": "2009-04-26 13:57:00", "destination": 19, "shipment_id": 59317, "sent": "2009-04-19 17:21:00"}}, {"pk": 18, "model": "supply.shipment", "fields": {"origin": 4, "received": "2009-04-27 11:50:00", "destination": 73, "shipment_id": 74684, "sent": "2009-04-27 01:21:00"}}, {"pk": 19, "model": "supply.shipment", "fields": {"origin": 3, "received": "2009-04-25 22:50:00", "destination": 57, "shipment_id": 80669, "sent": "2009-04-13 12:32:00"}}, {"pk": 20, "model": "supply.shipment", "fields": {"origin": 3, "received": "2009-04-29 19:42:00", "destination": 64, "shipment_id": 87031, "sent": "2009-04-29 15:27:00"}}, {"pk": 21, "model": "supply.shipment", "fields": {"origin": 2, "received": "2009-04-16 06:53:00", "destination": 49, "shipment_id": 49113, "sent": "2009-04-13 03:35:00"}}, {"pk": 22, "model": "supply.shipment", "fields": {"origin": 3, "received": "2009-04-28 16:10:00", "destination": 61, "shipment_id": 18206, "sent": "2009-04-14 02:36:00"}}, {"pk": 23, "model": "supply.shipment", "fields": {"origin": 1, "received": "2009-04-17 11:48:00", "destination": 11, "shipment_id": 66966, "sent": "2009-04-07 23:29:00"}}, {"pk": 24, "model": "supply.shipment", "fields": {"origin": 3, "received": "2009-04-22 07:29:00", "destination": 59, "shipment_id": 40465, "sent": "2009-04-01 18:50:00"}}, {"pk": 25, "model": "supply.shipment", "fields": {"origin": 3, "received": "2009-04-04 23:53:00", "destination": 57, "shipment_id": 30974, "sent": "2009-04-04 22:48:00"}}, {"pk": 26, "model": "supply.shipment", "fields": {"origin": 2, "received": "2009-04-18 08:05:00", "destination": 48, "shipment_id": 88663, "sent": "2009-04-11 18:21:00"}}, {"pk": 27, "model": "supply.shipment", "fields": {"origin": 1, "received": "2009-04-19 08:55:00", "destination": 34, "shipment_id": 66652, "sent": "2009-04-08 23:24:00"}}, {"pk": 28, "model": "supply.shipment", "fields": {"origin": 4, "received": "2009-04-21 19:28:00", "destination": 70, "shipment_id": 91807, "sent": "2009-04-18 20:17:00"}}, {"pk": 29, "model": "supply.shipment", "fields": {"origin": 3, "received": "2009-04-24 06:20:00", "destination": 60, "shipment_id": 52310, "sent": "2009-04-22 13:57:00"}}, {"pk": 30, "model": "supply.shipment", "fields": {"origin": 1, "received": "2009-04-27 09:04:00", "destination": 8, "shipment_id": 63586, "sent": "2009-04-12 02:05:00"}}, {"pk": 31, "model": "supply.shipment", "fields": {"origin": 2, "received": "2009-04-21 17:54:00", "destination": 51, "shipment_id": 46489, "sent": "2009-04-18 14:31:00"}}, {"pk": 32, "model": "supply.shipment", "fields": {"origin": 2, "received": "2009-04-24 14:54:00", "destination": 55, "shipment_id": 56734, "sent": "2009-04-03 03:54:00"}}, {"pk": 33, "model": "supply.shipment", "fields": {"origin": 2, "received": "2009-04-24 02:18:00", "destination": 54, "shipment_id": 95167, "sent": "2009-04-15 19:00:00"}}, {"pk": 34, "model": "supply.shipment", "fields": {"origin": 2, "received": "2009-04-18 18:52:00", "destination": 46, "shipment_id": 98720, "sent": "2009-04-15 01:00:00"}}, {"pk": 35, "model": "supply.shipment", "fields": {"origin": 2, "received": "2009-04-28 23:00:00", "destination": 54, "shipment_id": 12795, "sent": "2009-04-28 18:21:00"}}, {"pk": 36, "model": "supply.shipment", "fields": {"origin": 4, "received": "2009-04-20 17:54:00", "destination": 72, "shipment_id": 47824, "sent": "2009-04-19 19:43:00"}}, {"pk": 37, "model": "supply.shipment", "fields": {"origin": 1, "received": "2009-04-28 02:20:00", "destination": 24, "shipment_id": 99851, "sent": "2009-04-03 12:09:00"}}, {"pk": 38, "model": "supply.shipment", "fields": {"origin": 3, "received": "2009-04-28 23:54:00", "destination": 64, "shipment_id": 19197, "sent": "2009-04-25 23:51:00"}}, {"pk": 39, "model": "supply.shipment", "fields": {"origin": 3, "received": "2009-04-24 22:27:00", "destination": 60, "shipment_id": 93367, "sent": "2009-04-21 14:01:00"}}, {"pk": 40, "model": "supply.shipment", "fields": {"origin": 3, "received": "2009-04-06 18:50:00", "destination": 59, "shipment_id": 18787, "sent": "2009-04-03 20:11:00"}}, {"pk": 41, "model": "supply.shipment", "fields": {"origin": 4, "received": "2009-04-03 00:18:00", "destination": 66, "shipment_id": 75228, "sent": "2009-04-01 06:16:00"}}, {"pk": 42, "model": "supply.shipment", "fields": {"origin": 4, "received": "2009-04-21 18:21:00", "destination": 66, "shipment_id": 16806, "sent": "2009-04-09 16:51:00"}}, {"pk": 43, "model": "supply.shipment", "fields": {"origin": 1, "received": "2009-04-06 00:00:00", "destination": 42, "shipment_id": 83746, "sent": "2009-04-02 03:37:00"}}, {"pk": 1, "model": "supply.transaction", "fields": {"domain": 1, "amount_received": 950, "receipt": 2, "flag": null, "amount_sent": 950, "shipment": 1, "issue": 1}}, {"pk": 2, "model": "supply.transaction", "fields": {"domain": 1, "amount_received": 90, "receipt": 4, "flag": null, "amount_sent": 90, "shipment": 2, "issue": 3}}, {"pk": 3, "model": "supply.transaction", "fields": {"domain": 1, "amount_received": 1330, "receipt": 6, "flag": null, "amount_sent": 1330, "shipment": 3, "issue": 5}}, {"pk": 4, "model": "supply.transaction", "fields": {"domain": 1, "amount_received": 4050, "receipt": 8, "flag": null, "amount_sent": 4050, "shipment": 4, "issue": 7}}, {"pk": 5, "model": "supply.transaction", "fields": {"domain": 1, "amount_received": 2370, "receipt": 10, "flag": null, "amount_sent": 2370, "shipment": 5, "issue": 9}}, {"pk": 6, "model": "supply.transaction", "fields": {"domain": 1, "amount_received": 2920, "receipt": 12, "flag": null, "amount_sent": 2920, "shipment": 6, "issue": 11}}, {"pk": 7, "model": "supply.transaction", "fields": {"domain": 1, "amount_received": 3820, "receipt": 16, "flag": null, "amount_sent": 3820, "shipment": 7, "issue": 15}}, {"pk": 8, "model": "supply.transaction", "fields": {"domain": 1, "amount_received": 1820, "receipt": 18, "flag": null, "amount_sent": 1820, "shipment": 8, "issue": 17}}, {"pk": 9, "model": "supply.transaction", "fields": {"domain": 1, "amount_received": 2430, "receipt": 20, "flag": null, "amount_sent": 2430, "shipment": 9, "issue": 19}}, {"pk": 10, "model": "supply.transaction", "fields": {"domain": 1, "amount_received": 20, "receipt": 22, "flag": null, "amount_sent": 20, "shipment": 10, "issue": 21}}, {"pk": 11, "model": "supply.transaction", "fields": {"domain": 1, "amount_received": 940, "receipt": 24, "flag": null, "amount_sent": 940, "shipment": 11, "issue": 23}}, {"pk": 12, "model": "supply.transaction", "fields": {"domain": 1, "amount_received": 520, "receipt": 28, "flag": null, "amount_sent": 520, "shipment": 12, "issue": 27}}, {"pk": 13, "model": "supply.transaction", "fields": {"domain": 1, "amount_received": 4590, "receipt": 30, "flag": null, "amount_sent": 4590, "shipment": 13, "issue": 29}}, {"pk": 14, "model": "supply.transaction", "fields": {"domain": 1, "amount_received": 1580, "receipt": 32, "flag": "W", "amount_sent": 1580, "shipment": 14, "issue": 31}}, {"pk": 15, "model": "supply.transaction", "fields": {"domain": 1, "amount_received": 370, "receipt": 34, "flag": null, "amount_sent": 370, "shipment": 15, "issue": 33}}, {"pk": 16, "model": "supply.transaction", "fields": {"domain": 1, "amount_received": 1850, "receipt": 38, "flag": null, "amount_sent": 1850, "shipment": 16, "issue": 37}}, {"pk": 17, "model": "supply.transaction", "fields": {"domain": 1, "amount_received": 2600, "receipt": 42, "flag": null, "amount_sent": 2600, "shipment": 17, "issue": 41}}, {"pk": 18, "model": "supply.transaction", "fields": {"domain": 1, "amount_received": 3010, "receipt": 44, "flag": null, "amount_sent": 3010, "shipment": 18, "issue": 43}}, {"pk": 19, "model": "supply.transaction", "fields": {"domain": 1, "amount_received": 1540, "receipt": 46, "flag": null, "amount_sent": 1540, "shipment": 19, "issue": 45}}, {"pk": 20, "model": "supply.transaction", "fields": {"domain": 1, "amount_received": 1210, "receipt": 48, "flag": null, "amount_sent": 1210, "shipment": 20, "issue": 47}}, {"pk": 21, "model": "supply.transaction", "fields": {"domain": 1, "amount_received": 190, "receipt": 52, "flag": "A", "amount_sent": 690, "shipment": 21, "issue": 51}}, {"pk": 22, "model": "supply.transaction", "fields": {"domain": 1, "amount_received": 640, "receipt": 54, "flag": null, "amount_sent": 640, "shipment": 22, "issue": 53}}, {"pk": 23, "model": "supply.transaction", "fields": {"domain": 1, "amount_received": 1230, "receipt": 56, "flag": "W", "amount_sent": 1230, "shipment": 23, "issue": 55}}, {"pk": 24, "model": "supply.transaction", "fields": {"domain": 1, "amount_received": 510, "receipt": 58, "flag": null, "amount_sent": 510, "shipment": 24, "issue": 57}}, {"pk": 25, "model": "supply.transaction", "fields": {"domain": 1, "amount_received": 4160, "receipt": 62, "flag": null, "amount_sent": 4160, "shipment": 25, "issue": 61}}, {"pk": 26, "model": "supply.transaction", "fields": {"domain": 1, "amount_received": 950, "receipt": 64, "flag": null, "amount_sent": 950, "shipment": 26, "issue": 63}}, {"pk": 27, "model": "supply.transaction", "fields": {"domain": 1, "amount_received": 3710, "receipt": 66, "flag": "W", "amount_sent": 3710, "shipment": 27, "issue": 65}}, {"pk": 28, "model": "supply.transaction", "fields": {"domain": 1, "amount_received": 4860, "receipt": 68, "flag": null, "amount_sent": 4860, "shipment": 28, "issue": 67}}, {"pk": 29, "model": "supply.transaction", "fields": {"domain": 1, "amount_received": 2310, "receipt": 70, "flag": null, "amount_sent": 2310, "shipment": 29, "issue": 69}}, {"pk": 30, "model": "supply.transaction", "fields": {"domain": 1, "amount_received": 2790, "receipt": 72, "flag": null, "amount_sent": 2790, "shipment": 30, "issue": 71}}, {"pk": 31, "model": "supply.transaction", "fields": {"domain": 1, "amount_received": 3210, "receipt": 74, "flag": "A", "amount_sent": 4370, "shipment": 31, "issue": 73}}, {"pk": 32, "model": "supply.transaction", "fields": {"domain": 1, "amount_received": 1190, "receipt": 76, "flag": null, "amount_sent": 1190, "shipment": 32, "issue": 75}}, {"pk": 33, "model": "supply.transaction", "fields": {"domain": 1, "amount_received": 250, "receipt": 78, "flag": null, "amount_sent": 250, "shipment": 33, "issue": 77}}, {"pk": 34, "model": "supply.transaction", "fields": {"domain": 1, "amount_received": 3880, "receipt": 80, "flag": null, "amount_sent": 3880, "shipment": 34, "issue": 79}}, {"pk": 35, "model": "supply.transaction", "fields": {"domain": 1, "amount_received": 2530, "receipt": 82, "flag": null, "amount_sent": 2530, "shipment": 35, "issue": 81}}, {"pk": 36, "model": "supply.transaction", "fields": {"domain": 1, "amount_received": 4130, "receipt": 86, "flag": null, "amount_sent": 4130, "shipment": 36, "issue": 85}}, {"pk": 37, "model": "supply.transaction", "fields": {"domain": 1, "amount_received": 4910, "receipt": 88, "flag": null, "amount_sent": 4910, "shipment": 37, "issue": 87}}, {"pk": 38, "model": "supply.transaction", "fields": {"domain": 1, "amount_received": 280, "receipt": 90, "flag": "W", "amount_sent": 280, "shipment": 38, "issue": 89}}, {"pk": 39, "model": "supply.transaction", "fields": {"domain": 1, "amount_received": 220, "receipt": 92, "flag": null, "amount_sent": 220, "shipment": 39, "issue": 91}}, {"pk": 40, "model": "supply.transaction", "fields": {"domain": 1, "amount_received": 2720, "receipt": 94, "flag": null, "amount_sent": 2720, "shipment": 40, "issue": 93}}, {"pk": 41, "model": "supply.transaction", "fields": {"domain": 1, "amount_received": 4230, "receipt": 96, "flag": "W", "amount_sent": 4230, "shipment": 41, "issue": 95}}, {"pk": 42, "model": "supply.transaction", "fields": {"domain": 1, "amount_received": 2720, "receipt": 98, "flag": null, "amount_sent": 2720, "shipment": 42, "issue": 97}}, {"pk": 43, "model": "supply.transaction", "fields": {"domain": 1, "amount_received": 790, "receipt": 100, "flag": null, "amount_sent": 790, "shipment": 43, "issue": 99}}, {"pk": 1, "model": "supply.partialtransaction", "fields": {"origin": 2, "status": "C", "domain": 1, "reporter": null, "destination": 48, "flag": null, "amount": 950, "connection": 1, "date": "2009-04-10 13:46:00", "type": "I", "shipment_id": 70998, "stock": 11760}}, {"pk": 2, "model": "supply.partialtransaction", "fields": {"origin": 2, "status": "C", "domain": 1, "reporter": null, "destination": 48, "flag": null, "amount": 950, "connection": 1, "date": "2009-04-14 13:13:00", "type": "R", "shipment_id": 70998, "stock": 16270}}, {"pk": 3, "model": "supply.partialtransaction", "fields": {"origin": 3, "status": "C", "domain": 1, "reporter": null, "destination": 63, "flag": null, "amount": 90, "connection": 1, "date": "2009-04-05 14:57:00", "type": "I", "shipment_id": 40317, "stock": 10570}}, {"pk": 4, "model": "supply.partialtransaction", "fields": {"origin": 3, "status": "C", "domain": 1, "reporter": null, "destination": 63, "flag": null, "amount": 90, "connection": 1, "date": "2009-04-10 16:36:00", "type": "R", "shipment_id": 40317, "stock": 9980}}, {"pk": 5, "model": "supply.partialtransaction", "fields": {"origin": 3, "status": "C", "domain": 1, "reporter": null, "destination": 57, "flag": "S", "amount": 1330, "connection": 1, "date": "2009-04-11 18:00:00", "type": "I", "shipment_id": 21111, "stock": 7280}}, {"pk": 6, "model": "supply.partialtransaction", "fields": {"origin": 3, "status": "C", "domain": 1, "reporter": null, "destination": 57, "flag": null, "amount": 1330, "connection": 1, "date": "2009-04-18 21:35:00", "type": "R", "shipment_id": 21111, "stock": 10530}}, {"pk": 7, "model": "supply.partialtransaction", "fields": {"origin": 1, "status": "C", "domain": 1, "reporter": null, "destination": 16, "flag": null, "amount": 4050, "connection": 1, "date": "2009-04-07 14:14:00", "type": "I", "shipment_id": 14612, "stock": 7250}}, {"pk": 8, "model": "supply.partialtransaction", "fields": {"origin": 1, "status": "C", "domain": 1, "reporter": null, "destination": 16, "flag": null, "amount": 4050, "connection": 1, "date": "2009-04-15 11:17:00", "type": "R", "shipment_id": 14612, "stock": 8630}}, {"pk": 9, "model": "supply.partialtransaction", "fields": {"origin": 2, "status": "C", "domain": 1, "reporter": null, "destination": 50, "flag": "S", "amount": 2370, "connection": 1, "date": "2009-04-15 14:59:00", "type": "I", "shipment_id": 58627, "stock": 26570}}, {"pk": 10, "model": "supply.partialtransaction", "fields": {"origin": 2, "status": "C", "domain": 1, "reporter": null, "destination": 50, "flag": null, "amount": 2370, "connection": 1, "date": "2009-04-19 00:51:00", "type": "R", "shipment_id": 58627, "stock": 8300}}, {"pk": 11, "model": "supply.partialtransaction", "fields": {"origin": 1, "status": "C", "domain": 1, "reporter": null, "destination": 10, "flag": "S", "amount": 2920, "connection": 1, "date": "2009-04-10 14:42:00", "type": "I", "shipment_id": 89365, "stock": 22310}}, {"pk": 12, "model": "supply.partialtransaction", "fields": {"origin": 1, "status": "C", "domain": 1, "reporter": null, "destination": 10, "flag": null, "amount": 2920, "connection": 1, "date": "2009-04-19 14:28:00", "type": "R", "shipment_id": 89365, "stock": 22500}}, {"pk": 13, "model": "supply.partialtransaction", "fields": {"origin": 2, "status": "P", "domain": 1, "reporter": null, "destination": 50, "flag": "S", "amount": 1330, "connection": 1, "date": "2009-04-09 10:19:00", "type": "I", "shipment_id": 69393, "stock": 11260}}, {"pk": 14, "model": "supply.partialtransaction", "fields": {"origin": 2, "status": "P", "domain": 1, "reporter": null, "destination": 358, "flag": null, "amount": 1330, "connection": 1, "date": "2009-04-11 06:42:00", "type": "R", "shipment_id": 69393, "stock": 15350}}, {"pk": 15, "model": "supply.partialtransaction", "fields": {"origin": 4, "status": "C", "domain": 1, "reporter": null, "destination": 71, "flag": null, "amount": 3820, "connection": 1, "date": "2009-04-20 04:57:00", "type": "I", "shipment_id": 83421, "stock": 1750}}, {"pk": 16, "model": "supply.partialtransaction", "fields": {"origin": 4, "status": "C", "domain": 1, "reporter": null, "destination": 71, "flag": null, "amount": 3820, "connection": 1, "date": "2009-04-20 22:42:00", "type": "R", "shipment_id": 83421, "stock": 21930}}, {"pk": 17, "model": "supply.partialtransaction", "fields": {"origin": 3, "status": "C", "domain": 1, "reporter": null, "destination": 61, "flag": "S", "amount": 1820, "connection": 1, "date": "2009-04-14 12:51:00", "type": "I", "shipment_id": 19493, "stock": 18980}}, {"pk": 18, "model": "supply.partialtransaction", "fields": {"origin": 3, "status": "C", "domain": 1, "reporter": null, "destination": 61, "flag": null, "amount": 1820, "connection": 1, "date": "2009-04-22 15:13:00", "type": "R", "shipment_id": 19493, "stock": 3910}}, {"pk": 19, "model": "supply.partialtransaction", "fields": {"origin": 2, "status": "C", "domain": 1, "reporter": null, "destination": 51, "flag": "S", "amount": 2430, "connection": 1, "date": "2009-04-14 19:29:00", "type": "I", "shipment_id": 12541, "stock": 28730}}, {"pk": 20, "model": "supply.partialtransaction", "fields": {"origin": 2, "status": "C", "domain": 1, "reporter": null, "destination": 51, "flag": null, "amount": 2430, "connection": 1, "date": "2009-04-17 19:24:00", "type": "R", "shipment_id": 12541, "stock": 13630}}, {"pk": 21, "model": "supply.partialtransaction", "fields": {"origin": 4, "status": "C", "domain": 1, "reporter": null, "destination": 66, "flag": "S", "amount": 20, "connection": 1, "date": "2009-04-22 07:29:00", "type": "I", "shipment_id": 53257, "stock": 10880}}, {"pk": 22, "model": "supply.partialtransaction", "fields": {"origin": 4, "status": "C", "domain": 1, "reporter": null, "destination": 66, "flag": null, "amount": 20, "connection": 1, "date": "2009-04-29 06:54:00", "type": "R", "shipment_id": 53257, "stock": 4690}}, {"pk": 23, "model": "supply.partialtransaction", "fields": {"origin": 4, "status": "C", "domain": 1, "reporter": null, "destination": 72, "flag": "S", "amount": 940, "connection": 1, "date": "2009-04-06 22:46:00", "type": "I", "shipment_id": 98902, "stock": 17990}}, {"pk": 24, "model": "supply.partialtransaction", "fields": {"origin": 4, "status": "C", "domain": 1, "reporter": null, "destination": 72, "flag": null, "amount": 940, "connection": 1, "date": "2009-04-07 19:06:00", "type": "R", "shipment_id": 98902, "stock": 17860}}, {"pk": 25, "model": "supply.partialtransaction", "fields": {"origin": 4, "status": "P", "domain": 1, "reporter": null, "destination": 74, "flag": "S", "amount": 790, "connection": 1, "date": "2009-04-01 22:43:00", "type": "I", "shipment_id": 54920, "stock": 12600}}, {"pk": 26, "model": "supply.partialtransaction", "fields": {"origin": 41, "status": "P", "domain": 1, "reporter": null, "destination": 74, "flag": null, "amount": 790, "connection": 1, "date": "2009-04-21 23:32:00", "type": "R", "shipment_id": 54920, "stock": 8260}}, {"pk": 27, "model": "supply.partialtransaction", "fields": {"origin": 1, "status": "C", "domain": 1, "reporter": null, "destination": 15, "flag": "S", "amount": 520, "connection": 1, "date": "2009-04-17 23:21:00", "type": "I", "shipment_id": 37354, "stock": 2230}}, {"pk": 28, "model": "supply.partialtransaction", "fields": {"origin": 1, "status": "C", "domain": 1, "reporter": null, "destination": 15, "flag": null, "amount": 520, "connection": 1, "date": "2009-04-19 17:11:00", "type": "R", "shipment_id": 37354, "stock": 12910}}, {"pk": 29, "model": "supply.partialtransaction", "fields": {"origin": 4, "status": "C", "domain": 1, "reporter": null, "destination": 71, "flag": "S", "amount": 4590, "connection": 1, "date": "2009-04-27 09:03:00", "type": "I", "shipment_id": 73259, "stock": 14920}}, {"pk": 30, "model": "supply.partialtransaction", "fields": {"origin": 4, "status": "C", "domain": 1, "reporter": null, "destination": 71, "flag": "S", "amount": 4590, "connection": 1, "date": "2009-04-29 16:53:00", "type": "R", "shipment_id": 73259, "stock": 20130}}, {"pk": 31, "model": "supply.partialtransaction", "fields": {"origin": 2, "status": "C", "domain": 1, "reporter": null, "destination": 46, "flag": "S", "amount": 1580, "connection": 1, "date": "2009-04-08 10:38:00", "type": "I", "shipment_id": 33773, "stock": 7640}}, {"pk": 32, "model": "supply.partialtransaction", "fields": {"origin": 2, "status": "C", "domain": 1, "reporter": null, "destination": 46, "flag": null, "amount": 1580, "connection": 1, "date": "2009-04-12 13:07:00", "type": "R", "shipment_id": 35527, "stock": 21170}}, {"pk": 33, "model": "supply.partialtransaction", "fields": {"origin": 4, "status": "C", "domain": 1, "reporter": null, "destination": 74, "flag": "S", "amount": 370, "connection": 1, "date": "2009-04-12 10:34:00", "type": "I", "shipment_id": 79685, "stock": 10940}}, {"pk": 34, "model": "supply.partialtransaction", "fields": {"origin": 4, "status": "C", "domain": 1, "reporter": null, "destination": 74, "flag": "S", "amount": 370, "connection": 1, "date": "2009-04-16 06:18:00", "type": "R", "shipment_id": 79685, "stock": 19370}}, {"pk": 35, "model": "supply.partialtransaction", "fields": {"origin": 2, "status": "P", "domain": 1, "reporter": null, "destination": 54, "flag": "S", "amount": 3430, "connection": 1, "date": "2009-04-03 15:30:00", "type": "I", "shipment_id": 13306, "stock": 4660}}, {"pk": 36, "model": "supply.partialtransaction", "fields": {"origin": 336, "status": "P", "domain": 1, "reporter": null, "destination": 54, "flag": null, "amount": 3430, "connection": 1, "date": "2009-04-06 19:21:00", "type": "R", "shipment_id": 13306, "stock": 3920}}, {"pk": 37, "model": "supply.partialtransaction", "fields": {"origin": 1, "status": "C", "domain": 1, "reporter": null, "destination": 38, "flag": "S", "amount": 1850, "connection": 1, "date": "2009-04-19 19:12:00", "type": "I", "shipment_id": 33408, "stock": 3650}}, {"pk": 38, "model": "supply.partialtransaction", "fields": {"origin": 1, "status": "C", "domain": 1, "reporter": null, "destination": 38, "flag": null, "amount": 1850, "connection": 1, "date": "2009-04-28 17:09:00", "type": "R", "shipment_id": 33408, "stock": 9260}}, {"pk": 39, "model": "supply.partialtransaction", "fields": {"origin": 1, "status": "P", "domain": 1, "reporter": null, "destination": 12, "flag": "S", "amount": 2630, "connection": 1, "date": "2009-04-21 07:35:00", "type": "I", "shipment_id": 73856, "stock": 24480}}, {"pk": 40, "model": "supply.partialtransaction", "fields": {"origin": 1, "status": "P", "domain": 1, "reporter": null, "destination": 432, "flag": null, "amount": 2630, "connection": 1, "date": "2009-04-25 15:03:00", "type": "R", "shipment_id": 73856, "stock": 9330}}, {"pk": 41, "model": "supply.partialtransaction", "fields": {"origin": 1, "status": "C", "domain": 1, "reporter": null, "destination": 19, "flag": "S", "amount": 2600, "connection": 1, "date": "2009-04-19 17:21:00", "type": "I", "shipment_id": 59317, "stock": 28370}}, {"pk": 42, "model": "supply.partialtransaction", "fields": {"origin": 1, "status": "C", "domain": 1, "reporter": null, "destination": 19, "flag": null, "amount": 2600, "connection": 1, "date": "2009-04-26 13:57:00", "type": "R", "shipment_id": 59317, "stock": 20860}}, {"pk": 43, "model": "supply.partialtransaction", "fields": {"origin": 4, "status": "C", "domain": 1, "reporter": null, "destination": 73, "flag": "S", "amount": 3010, "connection": 1, "date": "2009-04-27 01:21:00", "type": "I", "shipment_id": 74684, "stock": 13010}}, {"pk": 44, "model": "supply.partialtransaction", "fields": {"origin": 4, "status": "C", "domain": 1, "reporter": null, "destination": 73, "flag": null, "amount": 3010, "connection": 1, "date": "2009-04-27 11:50:00", "type": "R", "shipment_id": 74684, "stock": 15120}}, {"pk": 45, "model": "supply.partialtransaction", "fields": {"origin": 3, "status": "C", "domain": 1, "reporter": null, "destination": 57, "flag": "S", "amount": 1540, "connection": 1, "date": "2009-04-13 12:32:00", "type": "I", "shipment_id": 80669, "stock": 1560}}, {"pk": 46, "model": "supply.partialtransaction", "fields": {"origin": 3, "status": "C", "domain": 1, "reporter": null, "destination": 57, "flag": "S", "amount": 1540, "connection": 1, "date": "2009-04-25 22:50:00", "type": "R", "shipment_id": 80669, "stock": 16520}}, {"pk": 47, "model": "supply.partialtransaction", "fields": {"origin": 3, "status": "C", "domain": 1, "reporter": null, "destination": 64, "flag": "S", "amount": 1210, "connection": 1, "date": "2009-04-29 15:27:00", "type": "I", "shipment_id": 87031, "stock": 10090}}, {"pk": 48, "model": "supply.partialtransaction", "fields": {"origin": 3, "status": "C", "domain": 1, "reporter": null, "destination": 64, "flag": null, "amount": 1210, "connection": 1, "date": "2009-04-29 19:42:00", "type": "R", "shipment_id": 87031, "stock": 2490}}, {"pk": 49, "model": "supply.partialtransaction", "fields": {"origin": 1, "status": "P", "domain": 1, "reporter": null, "destination": 21, "flag": "S", "amount": 4460, "connection": 1, "date": "2009-04-23 05:09:00", "type": "I", "shipment_id": 94435, "stock": 24120}}, {"pk": 50, "model": "supply.partialtransaction", "fields": {"origin": 261, "status": "P", "domain": 1, "reporter": null, "destination": 21, "flag": null, "amount": 4460, "connection": 1, "date": "2009-04-25 06:55:00", "type": "R", "shipment_id": 94435, "stock": 13740}}, {"pk": 51, "model": "supply.partialtransaction", "fields": {"origin": 2, "status": "C", "domain": 1, "reporter": null, "destination": 49, "flag": "S", "amount": 690, "connection": 1, "date": "2009-04-13 03:35:00", "type": "I", "shipment_id": 49113, "stock": 10860}}, {"pk": 52, "model": "supply.partialtransaction", "fields": {"origin": 2, "status": "C", "domain": 1, "reporter": null, "destination": 49, "flag": null, "amount": 190, "connection": 1, "date": "2009-04-16 06:53:00", "type": "R", "shipment_id": 49113, "stock": 4140}}, {"pk": 53, "model": "supply.partialtransaction", "fields": {"origin": 3, "status": "C", "domain": 1, "reporter": null, "destination": 61, "flag": "S", "amount": 640, "connection": 1, "date": "2009-04-14 02:36:00", "type": "I", "shipment_id": 18206, "stock": 13420}}, {"pk": 54, "model": "supply.partialtransaction", "fields": {"origin": 3, "status": "C", "domain": 1, "reporter": null, "destination": 61, "flag": "S", "amount": 640, "connection": 1, "date": "2009-04-28 16:10:00", "type": "R", "shipment_id": 18206, "stock": 20510}}, {"pk": 55, "model": "supply.partialtransaction", "fields": {"origin": 1, "status": "C", "domain": 1, "reporter": null, "destination": 11, "flag": "S", "amount": 1230, "connection": 1, "date": "2009-04-07 23:29:00", "type": "I", "shipment_id": 66966, "stock": 21980}}, {"pk": 56, "model": "supply.partialtransaction", "fields": {"origin": 1, "status": "C", "domain": 1, "reporter": null, "destination": 11, "flag": null, "amount": 1230, "connection": 1, "date": "2009-04-17 11:48:00", "type": "R", "shipment_id": 67635, "stock": 21020}}, {"pk": 57, "model": "supply.partialtransaction", "fields": {"origin": 3, "status": "C", "domain": 1, "reporter": null, "destination": 59, "flag": "S", "amount": 510, "connection": 1, "date": "2009-04-01 18:50:00", "type": "I", "shipment_id": 40465, "stock": 590}}, {"pk": 58, "model": "supply.partialtransaction", "fields": {"origin": 3, "status": "C", "domain": 1, "reporter": null, "destination": 59, "flag": null, "amount": 510, "connection": 1, "date": "2009-04-22 07:29:00", "type": "R", "shipment_id": 40465, "stock": 3100}}, {"pk": 59, "model": "supply.partialtransaction", "fields": {"origin": 1, "status": "P", "domain": 1, "reporter": null, "destination": 20, "flag": "S", "amount": 4690, "connection": 1, "date": "2009-04-10 21:27:00", "type": "I", "shipment_id": 10131, "stock": 21870}}, {"pk": 60, "model": "supply.partialtransaction", "fields": {"origin": 1, "status": "P", "domain": 1, "reporter": null, "destination": 468, "flag": null, "amount": 3210, "connection": 1, "date": "2009-04-19 15:03:00", "type": "R", "shipment_id": 10131, "stock": 20900}}, {"pk": 61, "model": "supply.partialtransaction", "fields": {"origin": 3, "status": "C", "domain": 1, "reporter": null, "destination": 57, "flag": "S", "amount": 4160, "connection": 1, "date": "2009-04-04 22:48:00", "type": "I", "shipment_id": 30974, "stock": 25920}}, {"pk": 62, "model": "supply.partialtransaction", "fields": {"origin": 3, "status": "C", "domain": 1, "reporter": null, "destination": 57, "flag": "S", "amount": 4160, "connection": 1, "date": "2009-04-04 23:53:00", "type": "R", "shipment_id": 30974, "stock": 20420}}, {"pk": 63, "model": "supply.partialtransaction", "fields": {"origin": 2, "status": "C", "domain": 1, "reporter": null, "destination": 48, "flag": "S", "amount": 950, "connection": 1, "date": "2009-04-11 18:21:00", "type": "I", "shipment_id": 88663, "stock": 29560}}, {"pk": 64, "model": "supply.partialtransaction", "fields": {"origin": 2, "status": "C", "domain": 1, "reporter": null, "destination": 48, "flag": "S", "amount": 950, "connection": 1, "date": "2009-04-18 08:05:00", "type": "R", "shipment_id": 88663, "stock": 11710}}, {"pk": 65, "model": "supply.partialtransaction", "fields": {"origin": 1, "status": "C", "domain": 1, "reporter": null, "destination": 34, "flag": "S", "amount": 3710, "connection": 1, "date": "2009-04-08 23:24:00", "type": "I", "shipment_id": 66652, "stock": 15400}}, {"pk": 66, "model": "supply.partialtransaction", "fields": {"origin": 1, "status": "C", "domain": 1, "reporter": null, "destination": 34, "flag": null, "amount": 3710, "connection": 1, "date": "2009-04-19 08:55:00", "type": "R", "shipment_id": 89876, "stock": 11900}}, {"pk": 67, "model": "supply.partialtransaction", "fields": {"origin": 4, "status": "C", "domain": 1, "reporter": null, "destination": 70, "flag": "S", "amount": 4860, "connection": 1, "date": "2009-04-18 20:17:00", "type": "I", "shipment_id": 91807, "stock": 11900}}, {"pk": 68, "model": "supply.partialtransaction", "fields": {"origin": 4, "status": "C", "domain": 1, "reporter": null, "destination": 70, "flag": null, "amount": 4860, "connection": 1, "date": "2009-04-21 19:28:00", "type": "R", "shipment_id": 91807, "stock": 13100}}, {"pk": 69, "model": "supply.partialtransaction", "fields": {"origin": 3, "status": "C", "domain": 1, "reporter": null, "destination": 60, "flag": "S", "amount": 2310, "connection": 1, "date": "2009-04-22 13:57:00", "type": "I", "shipment_id": 52310, "stock": 14260}}, {"pk": 70, "model": "supply.partialtransaction", "fields": {"origin": 3, "status": "C", "domain": 1, "reporter": null, "destination": 60, "flag": null, "amount": 2310, "connection": 1, "date": "2009-04-24 06:20:00", "type": "R", "shipment_id": 52310, "stock": 20260}}, {"pk": 71, "model": "supply.partialtransaction", "fields": {"origin": 1, "status": "C", "domain": 1, "reporter": null, "destination": 8, "flag": "S", "amount": 2790, "connection": 1, "date": "2009-04-12 02:05:00", "type": "I", "shipment_id": 63586, "stock": 25780}}, {"pk": 72, "model": "supply.partialtransaction", "fields": {"origin": 1, "status": "C", "domain": 1, "reporter": null, "destination": 8, "flag": null, "amount": 2790, "connection": 1, "date": "2009-04-27 09:04:00", "type": "R", "shipment_id": 63586, "stock": 7580}}, {"pk": 73, "model": "supply.partialtransaction", "fields": {"origin": 2, "status": "C", "domain": 1, "reporter": null, "destination": 51, "flag": "S", "amount": 4370, "connection": 1, "date": "2009-04-18 14:31:00", "type": "I", "shipment_id": 46489, "stock": 5760}}, {"pk": 74, "model": "supply.partialtransaction", "fields": {"origin": 2, "status": "C", "domain": 1, "reporter": null, "destination": 51, "flag": "S", "amount": 3210, "connection": 1, "date": "2009-04-21 17:54:00", "type": "R", "shipment_id": 46489, "stock": 18170}}, {"pk": 75, "model": "supply.partialtransaction", "fields": {"origin": 2, "status": "C", "domain": 1, "reporter": null, "destination": 55, "flag": "S", "amount": 1190, "connection": 1, "date": "2009-04-03 03:54:00", "type": "I", "shipment_id": 56734, "stock": 20040}}, {"pk": 76, "model": "supply.partialtransaction", "fields": {"origin": 2, "status": "C", "domain": 1, "reporter": null, "destination": 55, "flag": null, "amount": 1190, "connection": 1, "date": "2009-04-24 14:54:00", "type": "R", "shipment_id": 56734, "stock": 15000}}, {"pk": 77, "model": "supply.partialtransaction", "fields": {"origin": 2, "status": "C", "domain": 1, "reporter": null, "destination": 54, "flag": "S", "amount": 250, "connection": 1, "date": "2009-04-15 19:00:00", "type": "I", "shipment_id": 95167, "stock": 630}}, {"pk": 78, "model": "supply.partialtransaction", "fields": {"origin": 2, "status": "C", "domain": 1, "reporter": null, "destination": 54, "flag": "S", "amount": 250, "connection": 1, "date": "2009-04-24 02:18:00", "type": "R", "shipment_id": 95167, "stock": 4120}}, {"pk": 79, "model": "supply.partialtransaction", "fields": {"origin": 2, "status": "C", "domain": 1, "reporter": null, "destination": 46, "flag": "S", "amount": 3880, "connection": 1, "date": "2009-04-15 01:00:00", "type": "I", "shipment_id": 98720, "stock": 12570}}, {"pk": 80, "model": "supply.partialtransaction", "fields": {"origin": 2, "status": "C", "domain": 1, "reporter": null, "destination": 46, "flag": "S", "amount": 3880, "connection": 1, "date": "2009-04-18 18:52:00", "type": "R", "shipment_id": 98720, "stock": 13290}}, {"pk": 81, "model": "supply.partialtransaction", "fields": {"origin": 2, "status": "C", "domain": 1, "reporter": null, "destination": 54, "flag": "S", "amount": 2530, "connection": 1, "date": "2009-04-28 18:21:00", "type": "I", "shipment_id": 12795, "stock": 9900}}, {"pk": 82, "model": "supply.partialtransaction", "fields": {"origin": 2, "status": "C", "domain": 1, "reporter": null, "destination": 54, "flag": "S", "amount": 2530, "connection": 1, "date": "2009-04-28 23:00:00", "type": "R", "shipment_id": 12795, "stock": 11260}}, {"pk": 83, "model": "supply.partialtransaction", "fields": {"origin": 1, "status": "P", "domain": 1, "reporter": null, "destination": 36, "flag": "S", "amount": 1740, "connection": 1, "date": "2009-04-29 13:11:00", "type": "I", "shipment_id": 78802, "stock": 26100}}, {"pk": 84, "model": "supply.partialtransaction", "fields": {"origin": 227, "status": "P", "domain": 1, "reporter": null, "destination": 36, "flag": null, "amount": 1740, "connection": 1, "date": "2009-04-29 21:16:00", "type": "R", "shipment_id": 78802, "stock": 17670}}, {"pk": 85, "model": "supply.partialtransaction", "fields": {"origin": 4, "status": "C", "domain": 1, "reporter": null, "destination": 72, "flag": "S", "amount": 4130, "connection": 1, "date": "2009-04-19 19:43:00", "type": "I", "shipment_id": 47824, "stock": 10}}, {"pk": 86, "model": "supply.partialtransaction", "fields": {"origin": 4, "status": "C", "domain": 1, "reporter": null, "destination": 72, "flag": "S", "amount": 4130, "connection": 1, "date": "2009-04-20 17:54:00", "type": "R", "shipment_id": 47824, "stock": 7480}}, {"pk": 87, "model": "supply.partialtransaction", "fields": {"origin": 1, "status": "C", "domain": 1, "reporter": null, "destination": 24, "flag": "S", "amount": 4910, "connection": 1, "date": "2009-04-03 12:09:00", "type": "I", "shipment_id": 99851, "stock": 16880}}, {"pk": 88, "model": "supply.partialtransaction", "fields": {"origin": 1, "status": "C", "domain": 1, "reporter": null, "destination": 24, "flag": null, "amount": 4910, "connection": 1, "date": "2009-04-28 02:20:00", "type": "R", "shipment_id": 99851, "stock": 22630}}, {"pk": 89, "model": "supply.partialtransaction", "fields": {"origin": 3, "status": "C", "domain": 1, "reporter": null, "destination": 64, "flag": "S", "amount": 280, "connection": 1, "date": "2009-04-25 23:51:00", "type": "I", "shipment_id": 19197, "stock": 20250}}, {"pk": 90, "model": "supply.partialtransaction", "fields": {"origin": 3, "status": "C", "domain": 1, "reporter": null, "destination": 64, "flag": "S", "amount": 280, "connection": 1, "date": "2009-04-28 23:54:00", "type": "R", "shipment_id": 47141, "stock": 15550}}, {"pk": 91, "model": "supply.partialtransaction", "fields": {"origin": 3, "status": "C", "domain": 1, "reporter": null, "destination": 60, "flag": "S", "amount": 220, "connection": 1, "date": "2009-04-21 14:01:00", "type": "I", "shipment_id": 93367, "stock": 22350}}, {"pk": 92, "model": "supply.partialtransaction", "fields": {"origin": 3, "status": "C", "domain": 1, "reporter": null, "destination": 60, "flag": "S", "amount": 220, "connection": 1, "date": "2009-04-24 22:27:00", "type": "R", "shipment_id": 93367, "stock": 6870}}, {"pk": 93, "model": "supply.partialtransaction", "fields": {"origin": 3, "status": "C", "domain": 1, "reporter": null, "destination": 59, "flag": "S", "amount": 2720, "connection": 1, "date": "2009-04-03 20:11:00", "type": "I", "shipment_id": 18787, "stock": 11270}}, {"pk": 94, "model": "supply.partialtransaction", "fields": {"origin": 3, "status": "C", "domain": 1, "reporter": null, "destination": 59, "flag": "S", "amount": 2720, "connection": 1, "date": "2009-04-06 18:50:00", "type": "R", "shipment_id": 18787, "stock": 13920}}, {"pk": 95, "model": "supply.partialtransaction", "fields": {"origin": 4, "status": "C", "domain": 1, "reporter": null, "destination": 66, "flag": "S", "amount": 4230, "connection": 1, "date": "2009-04-01 06:16:00", "type": "I", "shipment_id": 75228, "stock": 25000}}, {"pk": 96, "model": "supply.partialtransaction", "fields": {"origin": 4, "status": "C", "domain": 1, "reporter": null, "destination": 66, "flag": "S", "amount": 4230, "connection": 1, "date": "2009-04-03 00:18:00", "type": "R", "shipment_id": 92712, "stock": 22900}}, {"pk": 97, "model": "supply.partialtransaction", "fields": {"origin": 4, "status": "C", "domain": 1, "reporter": null, "destination": 66, "flag": "S", "amount": 2720, "connection": 1, "date": "2009-04-09 16:51:00", "type": "I", "shipment_id": 16806, "stock": 29030}}, {"pk": 98, "model": "supply.partialtransaction", "fields": {"origin": 4, "status": "C", "domain": 1, "reporter": null, "destination": 66, "flag": "S", "amount": 2720, "connection": 1, "date": "2009-04-21 18:21:00", "type": "R", "shipment_id": 16806, "stock": 12760}}, {"pk": 99, "model": "supply.partialtransaction", "fields": {"origin": 1, "status": "C", "domain": 1, "reporter": null, "destination": 42, "flag": "S", "amount": 790, "connection": 1, "date": "2009-04-02 03:37:00", "type": "I", "shipment_id": 83746, "stock": 23510}}, {"pk": 100, "model": "supply.partialtransaction", "fields": {"origin": 1, "status": "C", "domain": 1, "reporter": null, "destination": 42, "flag": null, "amount": 790, "connection": 1, "date": "2009-04-06 00:00:00", "type": "R", "shipment_id": 83746, "stock": 19120}}]
