[
{"pk": 1, "model": "supply.stock", "fields": {"domain": 1, "balance": 1950, "location":1}},
{"pk": 2, "model": "supply.stock", "fields": {"domain": 1, "balance": 500, "location":2}},
{"pk": 3, "model": "supply.stock", "fields": {"domain": 1, "balance": 3600, "location":3}},
{"pk": 4, "model": "supply.stock", "fields": {"domain": 1, "balance": 1700, "location":4}},
{"pk": 5, "model": "supply.stock", "fields": {"domain": 1, "balance": 1950, "location":5}},
{"pk": 6, "model": "supply.stock", "fields": {"domain": 1, "balance": 1700, "location":6}},
{"pk": 7, "model": "supply.stock", "fields": {"domain": 1, "balance": 3750, "location":7}},
{"pk": 8, "model": "supply.stock", "fields": {"domain": 1, "balance": 2100, "location":8}},
{"pk": 9, "model": "supply.stock", "fields": {"domain": 1, "balance": 1350, "location":9}},
{"pk": 10, "model": "supply.stock", "fields": {"domain": 1, "balance": 1150, "location":10}},
{"pk": 11, "model": "supply.stock", "fields": {"domain": 1, "balance": 4900, "location":11}},
{"pk": 12, "model": "supply.stock", "fields": {"domain": 1, "balance": 650, "location":12}},
{"pk": 13, "model": "supply.stock", "fields": {"domain": 1, "balance": 1650, "location":13}},
{"pk": 14, "model": "supply.stock", "fields": {"domain": 1, "balance": 100, "location":14}},
{"pk": 15, "model": "supply.stock", "fields": {"domain": 1, "balance": 2150, "location":15}},
{"pk": 16, "model": "supply.stock", "fields": {"domain": 1, "balance": 2950, "location":16}},
{"pk": 17, "model": "supply.stock", "fields": {"domain": 1, "balance": 2400, "location":17}},
{"pk": 18, "model": "supply.stock", "fields": {"domain": 1, "balance": 4350, "location":18}},
{"pk": 19, "model": "supply.stock", "fields": {"domain": 1, "balance": 150, "location":19}},
{"pk": 20, "model": "supply.stock", "fields": {"domain": 1, "balance": 4650, "location":20}},
{"pk": 21, "model": "supply.stock", "fields": {"domain": 1, "balance": 4100, "location":21}},
{"pk": 22, "model": "supply.stock", "fields": {"domain": 1, "balance": 3700, "location":22}},
{"pk": 23, "model": "supply.stock", "fields": {"domain": 1, "balance": 3450, "location":23}},
{"pk": 24, "model": "supply.stock", "fields": {"domain": 1, "balance": 300, "location":24}},
{"pk": 25, "model": "supply.stock", "fields": {"domain": 1, "balance": 200, "location":25}},
{"pk": 26, "model": "supply.stock", "fields": {"domain": 1, "balance": 2400, "location":26}},
{"pk": 27, "model": "supply.stock", "fields": {"domain": 1, "balance": 2100, "location":27}},
{"pk": 28, "model": "supply.stock", "fields": {"domain": 1, "balance": 100, "location":28}},
{"pk": 29, "model": "supply.stock", "fields": {"domain": 1, "balance": 4350, "location":29}},
{"pk": 30, "model": "supply.stock", "fields": {"domain": 1, "balance": 1750, "location":30}},
{"pk": 31, "model": "supply.stock", "fields": {"domain": 1, "balance": 3850, "location":31}},
{"pk": 32, "model": "supply.stock", "fields": {"domain": 1, "balance": 1150, "location":32}},
{"pk": 33, "model": "supply.stock", "fields": {"domain": 1, "balance": 4650, "location":33}},
{"pk": 34, "model": "supply.stock", "fields": {"domain": 1, "balance": 800, "location":34}},
{"pk": 35, "model": "supply.stock", "fields": {"domain": 1, "balance": 4350, "location":35}},
{"pk": 36, "model": "supply.stock", "fields": {"domain": 1, "balance": 3000, "location":36}},
{"pk": 37, "model": "supply.stock", "fields": {"domain": 1, "balance": 2850, "location":37}},
{"pk": 38, "model": "supply.stock", "fields": {"domain": 1, "balance": 1600, "location":38}},
{"pk": 39, "model": "supply.stock", "fields": {"domain": 1, "balance": 3100, "location":39}},
{"pk": 40, "model": "supply.stock", "fields": {"domain": 1, "balance": 600, "location":40}},
{"pk": 41, "model": "supply.stock", "fields": {"domain": 1, "balance": 1850, "location":41}},
{"pk": 42, "model": "supply.stock", "fields": {"domain": 1, "balance": 100, "location":42}},
{"pk": 43, "model": "supply.stock", "fields": {"domain": 1, "balance": 2250, "location":43}},
{"pk": 44, "model": "supply.stock", "fields": {"domain": 1, "balance": 4000, "location":44}},
{"pk": 45, "model": "supply.stock", "fields": {"domain": 1, "balance": 1400, "location":45}},
{"pk": 46, "model": "supply.stock", "fields": {"domain": 1, "balance": 2400, "location":46}},
{"pk": 47, "model": "supply.stock", "fields": {"domain": 1, "balance": 200, "location":47}},
{"pk": 48, "model": "supply.stock", "fields": {"domain": 1, "balance": 4850, "location":48}},
{"pk": 49, "model": "supply.stock", "fields": {"domain": 1, "balance": 3750, "location":49}},
{"pk": 50, "model": "supply.stock", "fields": {"domain": 1, "balance": 250, "location":50}},
{"pk": 51, "model": "supply.stock", "fields": {"domain": 1, "balance": 4800, "location":51}},
{"pk": 52, "model": "supply.stock", "fields": {"domain": 1, "balance": 3300, "location":52}},
{"pk": 53, "model": "supply.stock", "fields": {"domain": 1, "balance": 4400, "location":53}},
{"pk": 54, "model": "supply.stock", "fields": {"domain": 1, "balance": 1050, "location":54}},
{"pk": 55, "model": "supply.stock", "fields": {"domain": 1, "balance": 400, "location":55}},
{"pk": 1, "model": "supply.shipment", "fields": {"origin": 1, "received": "2009-04-10", "destination": 37, "shipment_id": 10304, "sent": "2009-04-9"}},
{"pk": 2, "model": "supply.shipment", "fields": {"origin": 1, "received": "2009-04-15", "destination": 6, "shipment_id": 10843, "sent": "2009-04-15"}},
{"pk": 3, "model": "supply.shipment", "fields": {"origin": 1, "received": "2009-04-17", "destination": 28, "shipment_id": 12993, "sent": "2009-04-16"}},
{"pk": 4, "model": "supply.shipment", "fields": {"origin": 1, "received": "2009-04-9", "destination": 5, "shipment_id": 14689, "sent": "2009-04-9"}},
{"pk": 5, "model": "supply.shipment", "fields": {"origin": 1, "received": "2009-04-14", "destination": 44, "shipment_id": 16306, "sent": "2009-04-13"}},
{"pk": 6, "model": "supply.shipment", "fields": {"origin": 1, "received": "2009-04-17", "destination": 26, "shipment_id": 13703, "sent": "2009-04-17"}},
{"pk": 7, "model": "supply.shipment", "fields": {"origin": 1, "received": "2009-04-15", "destination": 14, "shipment_id": 12663, "sent": "2009-04-14"}},
{"pk": 8, "model": "supply.shipment", "fields": {"origin": 1, "received": "2009-04-14", "destination": 18, "shipment_id": 17880, "sent": "2009-04-13"}},
{"pk": 9, "model": "supply.shipment", "fields": {"origin": 1, "received": "2009-04-11", "destination": 38, "shipment_id": 18313, "sent": "2009-04-10"}},
{"pk": 10, "model": "supply.shipment", "fields": {"origin": 1, "received": "2009-04-7", "destination": 32, "shipment_id": 16624, "sent": "2009-04-7"}},
{"pk": 11, "model": "supply.shipment", "fields": {"origin": 1, "received": "2009-04-17", "destination": 12, "shipment_id": 10188, "sent": "2009-04-16"}},
{"pk": 12, "model": "supply.shipment", "fields": {"origin": 1, "received": "2009-04-17", "destination": 31, "shipment_id": 18888, "sent": "2009-04-16"}},
{"pk": 13, "model": "supply.shipment", "fields": {"origin": 1, "received": "2009-04-12", "destination": 39, "shipment_id": 10813, "sent": "2009-04-11"}},
{"pk": 14, "model": "supply.shipment", "fields": {"origin": 1, "received": "2009-04-12", "destination": 6, "shipment_id": 10735, "sent": "2009-04-12"}},
{"pk": 15, "model": "supply.shipment", "fields": {"origin": 1, "received": "2009-04-7", "destination": 40, "shipment_id": 17931, "sent": "2009-04-7"}},
{"pk": 16, "model": "supply.shipment", "fields": {"origin": 1, "received": "2009-04-8", "destination": 13, "shipment_id": 14836, "sent": "2009-04-8"}},
{"pk": 17, "model": "supply.shipment", "fields": {"origin": 1, "received": "2009-04-12", "destination": 31, "shipment_id": 14726, "sent": "2009-04-12"}},
{"pk": 18, "model": "supply.shipment", "fields": {"origin": 1, "received": "2009-04-19", "destination": 18, "shipment_id": 12197, "sent": "2009-04-18"}},
{"pk": 19, "model": "supply.shipment", "fields": {"origin": 1, "received": "2009-04-16", "destination": 11, "shipment_id": 19160, "sent": "2009-04-15"}},
{"pk": 20, "model": "supply.shipment", "fields": {"origin": 1, "received": "2009-04-8", "destination": 10, "shipment_id": 18847, "sent": "2009-04-8"}},
{"pk": 21, "model": "supply.shipment", "fields": {"origin": 1, "received": "2009-04-12", "destination": 11, "shipment_id": 10646, "sent": "2009-04-12"}},
{"pk": 22, "model": "supply.shipment", "fields": {"origin": 1, "received": "2009-04-9", "destination": 31, "shipment_id": 13701, "sent": "2009-04-8"}},
{"pk": 23, "model": "supply.shipment", "fields": {"origin": 1, "received": "2009-04-19", "destination": 29, "shipment_id": 19405, "sent": "2009-04-18"}},
{"pk": 24, "model": "supply.shipment", "fields": {"origin": 1, "received": "2009-04-20", "destination": 26, "shipment_id": 10918, "sent": "2009-04-19"}},
{"pk": 25, "model": "supply.shipment", "fields": {"origin": 1, "received": "2009-04-19", "destination": 44, "shipment_id": 12691, "sent": "2009-04-19"}},
{"pk": 26, "model": "supply.shipment", "fields": {"origin": 1, "received": "2009-04-20", "destination": 13, "shipment_id": 16142, "sent": "2009-04-20"}},
{"pk": 27, "model": "supply.shipment", "fields": {"origin": 1, "received": "2009-04-14", "destination": 6, "shipment_id": 17913, "sent": "2009-04-14"}},
{"pk": 28, "model": "supply.shipment", "fields": {"origin": 1, "received": "2009-04-17", "destination": 28, "shipment_id": 19225, "sent": "2009-04-17"}},
{"pk": 29, "model": "supply.shipment", "fields": {"origin": 1, "received": "2009-04-7", "destination": 19, "shipment_id": 17749, "sent": "2009-04-7"}},
{"pk": 30, "model": "supply.shipment", "fields": {"origin": 1, "received": "2009-04-7", "destination": 3, "shipment_id": 17570, "sent": "2009-04-7"}},
{"pk": 31, "model": "supply.shipment", "fields": {"origin": 1, "received": "2009-04-12", "destination": 42, "shipment_id": 12970, "sent": "2009-04-12"}},
{"pk": 32, "model": "supply.shipment", "fields": {"origin": 1, "received": "2009-04-18", "destination": 35, "shipment_id": 13138, "sent": "2009-04-18"}},
{"pk": 33, "model": "supply.shipment", "fields": {"origin": 1, "received": "2009-04-9", "destination": 24, "shipment_id": 10852, "sent": "2009-04-9"}},
{"pk": 34, "model": "supply.shipment", "fields": {"origin": 1, "received": "2009-04-21", "destination": 29, "shipment_id": 11909, "sent": "2009-04-20"}},
{"pk": 35, "model": "supply.shipment", "fields": {"origin": 1, "received": "2009-04-13", "destination": 44, "shipment_id": 14510, "sent": "2009-04-12"}},
{"pk": 36, "model": "supply.shipment", "fields": {"origin": 1, "received": "2009-04-11", "destination": 9, "shipment_id": 14369, "sent": "2009-04-11"}},
{"pk": 37, "model": "supply.shipment", "fields": {"origin": 1, "received": "2009-04-20", "destination": 6, "shipment_id": 16611, "sent": "2009-04-19"}},
{"pk": 38, "model": "supply.shipment", "fields": {"origin": 1, "received": "2009-04-16", "destination": 34, "shipment_id": 19892, "sent": "2009-04-16"}},
{"pk": 1, "model": "supply.transaction", "fields": {"domain": 1, "amount_received": 230, "receipt": 1, "flag": null, "amount_sent": 230, "shipment": 1, "issue": 1}},
{"pk": 2, "model": "supply.transaction", "fields": {"domain": 1, "amount_received": 310, "receipt": 1, "flag": null, "amount_sent": 310, "shipment": 2, "issue": 1}},
{"pk": 3, "model": "supply.transaction", "fields": {"domain": 1, "amount_received": 250, "receipt": 1, "flag": null, "amount_sent": 250, "shipment": 3, "issue": 1}},
{"pk": 4, "model": "supply.transaction", "fields": {"domain": 1, "amount_received": 0, "receipt": 1, "flag": null, "amount_sent": 0, "shipment": 4, "issue": 1}},
{"pk": 5, "model": "supply.transaction", "fields": {"domain": 1, "amount_received": 430, "receipt": 1, "flag": null, "amount_sent": 430, "shipment": 5, "issue": 1}},
{"pk": 6, "model": "supply.transaction", "fields": {"domain": 1, "amount_received": 140, "receipt": 1, "flag": null, "amount_sent": 140, "shipment": 6, "issue": 1}},
{"pk": 7, "model": "supply.transaction", "fields": {"domain": 1, "amount_received": 370, "receipt": 1, "flag": null, "amount_sent": 370, "shipment": 7, "issue": 1}},
{"pk": 8, "model": "supply.transaction", "fields": {"domain": 1, "amount_received": 220, "receipt": 1, "flag": null, "amount_sent": 220, "shipment": 8, "issue": 1}},
{"pk": 9, "model": "supply.transaction", "fields": {"domain": 1, "amount_received": 370, "receipt": 1, "flag": null, "amount_sent": 370, "shipment": 9, "issue": 1}},
{"pk": 10, "model": "supply.transaction", "fields": {"domain": 1, "amount_received": 70, "receipt": 1, "flag": null, "amount_sent": 70, "shipment": 10, "issue": 1}},
{"pk": 11, "model": "supply.transaction", "fields": {"domain": 1, "amount_received": 270, "receipt": 1, "flag": null, "amount_sent": 270, "shipment": 11, "issue": 1}},
{"pk": 12, "model": "supply.transaction", "fields": {"domain": 1, "amount_received": 170, "receipt": 1, "flag": null, "amount_sent": 170, "shipment": 12, "issue": 1}},
{"pk": 13, "model": "supply.transaction", "fields": {"domain": 1, "amount_received": 360, "receipt": 1, "flag": null, "amount_sent": 360, "shipment": 13, "issue": 1}},
{"pk": 14, "model": "supply.transaction", "fields": {"domain": 1, "amount_received": 370, "receipt": 1, "flag": null, "amount_sent": 370, "shipment": 14, "issue": 1}},
{"pk": 15, "model": "supply.transaction", "fields": {"domain": 1, "amount_received": 10, "receipt": 1, "flag": null, "amount_sent": 10, "shipment": 15, "issue": 1}},
{"pk": 16, "model": "supply.transaction", "fields": {"domain": 1, "amount_received": 180, "receipt": 1, "flag": null, "amount_sent": 180, "shipment": 16, "issue": 1}},
{"pk": 17, "model": "supply.transaction", "fields": {"domain": 1, "amount_received": 420, "receipt": 1, "flag": null, "amount_sent": 420, "shipment": 17, "issue": 1}},
{"pk": 18, "model": "supply.transaction", "fields": {"domain": 1, "amount_received": 80, "receipt": 1, "flag": null, "amount_sent": 80, "shipment": 18, "issue": 1}},
{"pk": 19, "model": "supply.transaction", "fields": {"domain": 1, "amount_received": 0, "receipt": 1, "flag": null, "amount_sent": 0, "shipment": 19, "issue": 1}},
{"pk": 20, "model": "supply.transaction", "fields": {"domain": 1, "amount_received": 440, "receipt": 1, "flag": null, "amount_sent": 440, "shipment": 20, "issue": 1}},
{"pk": 21, "model": "supply.transaction", "fields": {"domain": 1, "amount_received": 480, "receipt": 1, "flag": "A", "amount_sent": 460, "shipment": 21, "issue": 1}},
{"pk": 22, "model": "supply.transaction", "fields": {"domain": 1, "amount_received": 370, "receipt": 1, "flag": null, "amount_sent": 370, "shipment": 22, "issue": 1}},
{"pk": 23, "model": "supply.transaction", "fields": {"domain": 1, "amount_received": 100, "receipt": 1, "flag": null, "amount_sent": 100, "shipment": 23, "issue": 1}},
{"pk": 24, "model": "supply.transaction", "fields": {"domain": 1, "amount_received": 430, "receipt": 1, "flag": null, "amount_sent": 430, "shipment": 24, "issue": 1}},
{"pk": 25, "model": "supply.transaction", "fields": {"domain": 1, "amount_received": 430, "receipt": 1, "flag": null, "amount_sent": 430, "shipment": 25, "issue": 1}},
{"pk": 26, "model": "supply.transaction", "fields": {"domain": 1, "amount_received": 100, "receipt": 1, "flag": null, "amount_sent": 100, "shipment": 26, "issue": 1}},
{"pk": 27, "model": "supply.transaction", "fields": {"domain": 1, "amount_received": 320, "receipt": 1, "flag": null, "amount_sent": 320, "shipment": 27, "issue": 1}},
{"pk": 28, "model": "supply.transaction", "fields": {"domain": 1, "amount_received": 400, "receipt": 1, "flag": null, "amount_sent": 400, "shipment": 28, "issue": 1}},
{"pk": 29, "model": "supply.transaction", "fields": {"domain": 1, "amount_received": 80, "receipt": 1, "flag": null, "amount_sent": 80, "shipment": 29, "issue": 1}},
{"pk": 30, "model": "supply.transaction", "fields": {"domain": 1, "amount_received": 380, "receipt": 1, "flag": null, "amount_sent": 380, "shipment": 30, "issue": 1}},
{"pk": 31, "model": "supply.transaction", "fields": {"domain": 1, "amount_received": 210, "receipt": 1, "flag": null, "amount_sent": 210, "shipment": 31, "issue": 1}},
{"pk": 32, "model": "supply.transaction", "fields": {"domain": 1, "amount_received": 300, "receipt": 1, "flag": null, "amount_sent": 300, "shipment": 32, "issue": 1}},
{"pk": 33, "model": "supply.transaction", "fields": {"domain": 1, "amount_received": 210, "receipt": 1, "flag": "A", "amount_sent": 190, "shipment": 33, "issue": 1}},
{"pk": 34, "model": "supply.transaction", "fields": {"domain": 1, "amount_received": 410, "receipt": 1, "flag": null, "amount_sent": 410, "shipment": 34, "issue": 1}},
{"pk": 35, "model": "supply.transaction", "fields": {"domain": 1, "amount_received": 320, "receipt": 1, "flag": "A", "amount_sent": 310, "shipment": 35, "issue": 1}},
{"pk": 36, "model": "supply.transaction", "fields": {"domain": 1, "amount_received": 80, "receipt": 1, "flag": null, "amount_sent": 80, "shipment": 36, "issue": 1}},
{"pk": 37, "model": "supply.transaction", "fields": {"domain": 1, "amount_received": 150, "receipt": 1, "flag": null, "amount_sent": 150, "shipment": 37, "issue": 1}},
{"pk": 38, "model": "supply.transaction", "fields": {"domain": 1, "amount_received": 190, "receipt": 1, "flag": null, "amount_sent": 190, "shipment": 38, "issue": 1}}

]