[
    {
        "pk": 1,
        "model": "locations.locationtype",
        "fields": {
            "singular": "Country",
            "plural": "Countries",
            "slug": "countries",
            "exists_in": null
        }
    },
    {
        "pk": 4,
        "model": "locations.locationtype",
        "fields": {
            "singular": "Department",
            "plural": "Departments",
            "slug": "departments",
            "exists_in": 58
        }
    },




    {
        "pk": 58,
        "model": "locations.point",
        "fields": {
            "longitude": "-90.5",
            "latitude": "14.633333"
        }
    },
    {
        "pk": 58,
        "model": "locations.location",
        "fields": {
            "slug": "gt",
            "name": "Guatemala",
            "point": 58,
            "type": 1
        }
    },




    {
        "pk": 59,
        "model": "locations.point",
        "fields": {
            "longitude": "-90.333333",
            "latitude": "15.5"
        }
    },
    {
        "pk": 59,
        "model": "locations.location",
        "fields": {
            "slug": "av",
            "name": "Alta Verapaz",
            "point": 59,
            "type": 4
        }
    },

    {
        "pk": 60,
        "model": "locations.point",
        "fields": {
            "longitude": "-90.318611",
            "latitude": "15.101389"
        }
    },
    {
        "pk": 60,
        "model": "locations.location",
        "fields": {
            "slug": "bv",
            "name": "Baja Verapaz",
            "point": 60,
            "type": 4
        }
    },

    {
        "pk": 61,
        "model": "locations.point",
        "fields": {
            "longitude": "-90.81",
            "latitude": "14.66"
        }
    },
    {
        "pk": 61,
        "model": "locations.location",
        "fields": {
            "slug": "cm",
            "name": "Chimaltenango",
            "point": 61,
            "type": 4
        }
    },

    {
        "pk": 62,
        "model": "locations.point",
        "fields": {
            "longitude": "-90.588",
            "latitude": "14.545"
        }
    },
    {
        "pk": 62,
        "model": "locations.location",
        "fields": {
            "slug": "cq",
            "name": "Chiquimula",
            "point": 62,
            "type": 4
        }
    },

    {
        "pk": 63,
        "model": "locations.point",
        "fields": {
            "longitude": "-90.068611",
            "latitude": "14.853889"
        }
    },
    {
        "pk": 63,
        "model": "locations.location",
        "fields": {
            "slug": "pr",
            "name": "El Progreso",
            "point": 63,
            "type": 4
        }
    },

    {
        "pk": 64,
        "model": "locations.point",
        "fields": {
            "longitude": "-90.786944",
            "latitude": "14.297778"
        }
    },
    {
        "pk": 64,
        "model": "locations.location",
        "fields": {
            "slug": "es",
            "name": "Escuintla",
            "point": 64,
            "type": 4
        }
    },

    {
        "pk": 65,
        "model": "locations.point",
        "fields": {
            "longitude": "-90.513056",
            "latitude": "14.641389"
        }
    },
    {
        "pk": 65,
        "model": "locations.location",
        "fields": {
            "slug": "gu",
            "name": "Guatemala",
            "point": 65,
            "type": 4
        }
    },

    {
        "pk": 66,
        "model": "locations.point",
        "fields": {
            "longitude": "-91.475833",
            "latitude": "15.314167"
        }
    },
    {
        "pk": 66,
        "model": "locations.location",
        "fields": {
            "slug": "hu",
            "name": "Huehuetenango",
            "point": 66,
            "type": 4
        }
    },

    {
        "pk": 67,
        "model": "locations.point",
        "fields": {
            "longitude": "-88.6",
            "latitude": "15.733333"
        }
    },
    {
        "pk": 67,
        "model": "locations.location",
        "fields": {
            "slug": "iz",
            "name": "Izabal",
            "point": 67,
            "type": 4
        }
    },

    {
        "pk": 68,
        "model": "locations.point",
        "fields": {
            "longitude": "-89.981111",
            "latitude": "14.633889"
        }
    },
    {
        "pk": 68,
        "model": "locations.location",
        "fields": {
            "slug": "ja",
            "name": "Jalapa",
            "point": 68,
            "type": 4
        }
    },

    {
        "pk": 69,
        "model": "locations.point",
        "fields": {
            "longitude": "-89.8925",
            "latitude": "14.282778"
        }
    },
    {
        "pk": 69,
        "model": "locations.location",
        "fields": {
            "slug": "ju",
            "name": "Jutiapa",
            "point": 69,
            "type": 4
        }
    },

    {
        "pk": 70,
        "model": "locations.point",
        "fields": {
            "longitude": "-89.9",
            "latitude": "16.9"
        }
    },
    {
        "pk": 70,
        "model": "locations.location",
        "fields": {
            "slug": "pt",
            "name": "Pet\u00e9n",
            "point": 70,
            "type": 4
        }
    },

    {
        "pk": 71,
        "model": "locations.point",
        "fields": {
            "longitude": "-91.518889",
            "latitude": "14.845833"
        }
    },
    {
        "pk": 71,
        "model": "locations.location",
        "fields": {
            "slug": "qz",
            "name": "Quetzaltenango",
            "point": 71,
            "type": 4
        }
    },

    {
        "pk": 72,
        "model": "locations.point",
        "fields": {
            "longitude": "-91.15",
            "latitude": "15.03"
        }
    },
    {
        "pk": 72,
        "model": "locations.location",
        "fields": {
            "slug": "qc",
            "name": "Quich\u00e9",
            "point": 72,
            "type": 4
        }
    },

    {
        "pk": 73,
        "model": "locations.point",
        "fields": {
            "longitude": "-91.6667",
            "latitude": "14.5333"
        }
    },
    {
        "pk": 73,
        "model": "locations.location",
        "fields": {
            "slug": "re",
            "name": "Retalhuleu",
            "point": 73,
            "type": 4
        }
    },

    {
        "pk": 74,
        "model": "locations.point",
        "fields": {
            "longitude": "-90.733889",
            "latitude": "14.556667"
        }
    },
    {
        "pk": 74,
        "model": "locations.location",
        "fields": {
            "slug": "sa",
            "name": "Sacatepéquez",
            "point": 74,
            "type": 4
        }
    },

    {
        "pk": 75,
        "model": "locations.point",
        "fields": {
            "longitude": "-91.795556",
            "latitude": "14.961111"
        }
    },
    {
        "pk": 75,
        "model": "locations.location",
        "fields": {
            "slug": "sm",
            "name": "San Marcos",
            "point": 75,
            "type": 4
        }
    },

    {
        "pk": 76,
        "model": "locations.point",
        "fields": {
            "longitude": "-90.3",
            "latitude": "14.278333"
        }
    },
    {
        "pk": 76,
        "model": "locations.location",
        "fields": {
            "slug": "sr",
            "name": "Santa Rosa",
            "point": 76,
            "type": 4
        }
    },

    {
        "pk": 77,
        "model": "locations.point",
        "fields": {
            "longitude": "-91.1875",
            "latitude": "14.773889"
        }
    },
    {
        "pk": 77,
        "model": "locations.location",
        "fields": {
            "slug": "so",
            "name": "Solol\u00e1",
            "point": 77,
            "type": 4
        }
    },

    {
        "pk": 78,
        "model": "locations.point",
        "fields": {
            "longitude": "-90.733889",
            "latitude": "14.556667"
        }
    },
    {
        "pk": 78,
        "model": "locations.location",
        "fields": {
            "slug": "su",
            "name": "Suchitep\u00e9quez",
            "point": 78,
            "type": 4
        }
    },

    {
        "pk": 79,
        "model": "locations.point",
        "fields": {
            "longitude": "-91.36",
            "latitude": "14.9125"
        }
    },
    {
        "pk": 79,
        "model": "locations.location",
        "fields": {
            "slug": "to",
            "name": "Totonicap\u00e1n",
            "point": 79,
            "type": 4
        }
    },

    {
        "pk": 80,
        "model": "locations.point",
        "fields": {
            "longitude": "-89.528333",
            "latitude": "14.9725"
        }
    },
    {
        "pk": 80,
        "model": "locations.location",
        "fields": {
            "slug": "za",
            "name": "Zacapa",
            "point": 80,
            "type": 4
        }
    }
]
