[
  {
    "pk": 1, 
    "model": "form.app", 
    "fields": {
      "name": "nigeria"
    }
  }, 
  {
    "pk": 2, 
    "model": "form.app", 
    "fields": {
      "name": "supply"
    }
  }, 
  {
    "pk": 1, 
    "model": "form.form", 
    "fields": {
      "form_tokens": [
        1, 
        2, 
        3, 
        4, 
        5
      ], 
      "code": 2, 
      "apps": [
        1
      ], 
      "name": "register"
    }
  }, 
  {
    "pk": 2, 
    "model": "form.form", 
    "fields": {
      "form_tokens": [
        1, 
        6, 
        7, 
        8, 
        9
      ], 
      "code": 8, 
      "apps": [
        1
      ], 
      "name": "nets"
    }
  }, 
  {
    "pk": 3, 
    "model": "form.form", 
    "fields": {
      "form_tokens": [
        1, 
        10, 
        11, 
        12
      ], 
      "code": 13, 
      "apps": [
        1
      ], 
      "name": "net cards"
    }
  }, 
  {
    "pk": 4, 
    "model": "form.form", 
    "fields": {
      "form_tokens": [
        13, 
        14, 
        15, 
        16, 
        17, 
        18, 
        19
      ], 
      "code": 17, 
      "apps": [
        2
      ], 
      "name": "issue"
    }
  }, 
  {
    "pk": 5, 
    "model": "form.form", 
    "fields": {
      "form_tokens": [
        13, 
        14, 
        15, 
        16, 
        17, 
        18, 
        19
      ], 
      "code": 23, 
      "apps": [
        2
      ], 
      "name": "receive"
    }
  }, 
  {
    "pk": 1, 
    "model": "form.token", 
    "fields": {
      "abbreviation": "llin", 
      "patterns": [
        1
      ], 
      "name": "LLIN"
    }
  }, 
  {
    "pk": 2, 
    "model": "form.token", 
    "fields": {
      "abbreviation": "register", 
      "patterns": [
        2
      ], 
      "name": "register"
    }
  }, 
  {
    "pk": 3, 
    "model": "form.token", 
    "fields": {
      "abbreviation": "location", 
      "patterns": [
        3
      ], 
      "name": "Location"
    }
  }, 
  {
    "pk": 4, 
    "model": "form.token", 
    "fields": {
      "abbreviation": "role", 
      "patterns": [
        4
      ], 
      "name": "role"
    }
  }, 
  {
    "pk": 5, 
    "model": "form.token", 
    "fields": {
      "abbreviation": "firstname", 
      "patterns": [
        4
      ], 
      "name": "first name"
    }
  }, 
  {
    "pk": 6, 
    "model": "form.token", 
    "fields": {
      "abbreviation": "secondname", 
      "patterns": [
        4
      ], 
      "name": "second name"
    }
  }, 
  {
    "pk": 7, 
    "model": "form.token", 
    "fields": {
      "abbreviation": "thirdname", 
      "patterns": [
        4
      ], 
      "name": "third name"
    }
  }, 
  {
    "pk": 8, 
    "model": "form.token", 
    "fields": {
      "abbreviation": "nets", 
      "patterns": [
        5
      ], 
      "name": "nets"
    }
  }, 
  {
    "pk": 9, 
    "model": "form.token", 
    "fields": {
      "abbreviation": "distributed", 
      "patterns": [
        3
      ], 
      "name": "Number of LLIN distributed"
    }
  }, 
  {
    "pk": 10, 
    "model": "form.token", 
    "fields": {
      "abbreviation": "expected", 
      "patterns": [
        3
      ], 
      "name": "Expected Balance"
    }
  }, 
  {
    "pk": 11, 
    "model": "form.token", 
    "fields": {
      "abbreviation": "actual", 
      "patterns": [
        3
      ], 
      "name": "Actual Balance"
    }
  }, 
  {
    "pk": 12, 
    "model": "form.token", 
    "fields": {
      "abbreviation": "discrepancy", 
      "patterns": [
        3
      ], 
      "name": "Discrepancy between LLINs and Net Cards"
    }
  }, 
  {
    "pk": 13, 
    "model": "form.token", 
    "fields": {
      "abbreviation": "netcards", 
      "patterns": [
        6, 
        7
      ], 
      "name": "net cards"
    }
  }, 
  {
    "pk": 14, 
    "model": "form.token", 
    "fields": {
      "abbreviation": "settlements", 
      "patterns": [
        3
      ], 
      "name": "Number of Settlements"
    }
  }, 
  {
    "pk": 15, 
    "model": "form.token", 
    "fields": {
      "abbreviation": "people", 
      "patterns": [
        3
      ], 
      "name": "Number of People in visited households"
    }
  }, 
  {
    "pk": 16, 
    "model": "form.token", 
    "fields": {
      "abbreviation": "issued", 
      "patterns": [
        3
      ], 
      "name": "Number of Net cards issued"
    }
  }, 
  {
    "pk": 17, 
    "model": "form.token", 
    "fields": {
      "abbreviation": "issue", 
      "patterns": [
        8
      ], 
      "name": "issue"
    }
  }, 
  {
    "pk": 18, 
    "model": "form.token", 
    "fields": {
      "abbreviation": "to", 
      "patterns": [
        9
      ], 
      "name": "to"
    }
  }, 
  {
    "pk": 19, 
    "model": "form.token", 
    "fields": {
      "abbreviation": "from", 
      "patterns": [
        10
      ], 
      "name": "from"
    }
  }, 
  {
    "pk": 20, 
    "model": "form.token", 
    "fields": {
      "abbreviation": "waybill", 
      "patterns": [
        3
      ], 
      "name": "Waybill number"
    }
  }, 
  {
    "pk": 21, 
    "model": "form.token", 
    "fields": {
      "abbreviation": "amount", 
      "patterns": [
        3
      ], 
      "name": "Amount"
    }
  }, 
  {
    "pk": 22, 
    "model": "form.token", 
    "fields": {
      "abbreviation": "stock", 
      "patterns": [
        3
      ], 
      "name": "Stock balance"
    }
  }, 
  {
    "pk": 23, 
    "model": "form.token", 
    "fields": {
      "abbreviation": "receive", 
      "patterns": [
        11
      ], 
      "name": "receive"
    }
  }, 
  {
    "pk": 24, 
    "model": "form.token", 
    "fields": {
      "abbreviation": "origin", 
      "patterns": [
        3
      ], 
      "name": "Origin"
    }
  }, 
  {
    "pk": 25, 
    "model": "form.token", 
    "fields": {
      "abbreviation": "dest", 
      "patterns": [
        3
      ], 
      "name": "Destination"
    }
  }, 
  {
    "pk": 1, 
    "model": "form.formtoken", 
    "fields": {
      "token": 3, 
      "required": false, 
      "sequence": 1
    }
  }, 
  {
    "pk": 2, 
    "model": "form.formtoken", 
    "fields": {
      "token": 4, 
      "required": false, 
      "sequence": 2
    }
  }, 
  {
    "pk": 3, 
    "model": "form.formtoken", 
    "fields": {
      "token": 5, 
      "required": false, 
      "sequence": 3
    }
  }, 
  {
    "pk": 4, 
    "model": "form.formtoken", 
    "fields": {
      "token": 6, 
      "required": false, 
      "sequence": 4
    }
  }, 
  {
    "pk": 5, 
    "model": "form.formtoken", 
    "fields": {
      "token": 7, 
      "required": false, 
      "sequence": 5
    }
  }, 
  {
    "pk": 6, 
    "model": "form.formtoken", 
    "fields": {
      "token": 9, 
      "required": false, 
      "sequence": 2
    }
  }, 
  {
    "pk": 7, 
    "model": "form.formtoken", 
    "fields": {
      "token": 10, 
      "required": false, 
      "sequence": 3
    }
  }, 
  {
    "pk": 8, 
    "model": "form.formtoken", 
    "fields": {
      "token": 11, 
      "required": false, 
      "sequence": 4
    }
  }, 
  {
    "pk": 9, 
    "model": "form.formtoken", 
    "fields": {
      "token": 12, 
      "required": false, 
      "sequence": 5
    }
  }, 
  {
    "pk": 10, 
    "model": "form.formtoken", 
    "fields": {
      "token": 14, 
      "required": false, 
      "sequence": 2
    }
  }, 
  {
    "pk": 11, 
    "model": "form.formtoken", 
    "fields": {
      "token": 15, 
      "required": false, 
      "sequence": 3
    }
  }, 
  {
    "pk": 12, 
    "model": "form.formtoken", 
    "fields": {
      "token": 16, 
      "required": false, 
      "sequence": 4
    }
  }, 
  {
    "pk": 13, 
    "model": "form.formtoken", 
    "fields": {
      "token": 18, 
      "required": false, 
      "sequence": 3
    }
  }, 
  {
    "pk": 14, 
    "model": "form.formtoken", 
    "fields": {
      "token": 19, 
      "required": false, 
      "sequence": 1
    }
  }, 
  {
    "pk": 15, 
    "model": "form.formtoken", 
    "fields": {
      "token": 24, 
      "required": false, 
      "sequence": 2
    }
  }, 
  {
    "pk": 16, 
    "model": "form.formtoken", 
    "fields": {
      "token": 25, 
      "required": false, 
      "sequence": 4
    }
  }, 
  {
    "pk": 17, 
    "model": "form.formtoken", 
    "fields": {
      "token": 20, 
      "required": false, 
      "sequence": 5
    }
  }, 
  {
    "pk": 18, 
    "model": "form.formtoken", 
    "fields": {
      "token": 21, 
      "required": false, 
      "sequence": 6
    }
  }, 
  {
    "pk": 19, 
    "model": "form.formtoken", 
    "fields": {
      "token": 22, 
      "required": false, 
      "sequence": 7
    }
  }, 
  {
    "pk": 1, 
    "model": "form.domainform", 
    "fields": {
      "form": 1, 
      "sequence": 1
    }
  }, 
  {
    "pk": 2, 
    "model": "form.domainform", 
    "fields": {
      "form": 2, 
      "sequence": 3
    }
  }, 
  {
    "pk": 3, 
    "model": "form.domainform", 
    "fields": {
      "form": 3, 
      "sequence": 2
    }
  }, 
  {
    "pk": 4, 
    "model": "form.domainform", 
    "fields": {
      "form": 4, 
      "sequence": 5
    }
  }, 
  {
    "pk": 5, 
    "model": "form.domainform", 
    "fields": {
      "form": 5, 
      "sequence": 4
    }
  }, 
  {
    "pk": 1, 
    "model": "form.pattern", 
    "fields": {
      "regex": "(l[a-z]+)", 
      "name": "llin"
    }
  }, 
  {
    "pk": 2, 
    "model": "form.pattern", 
    "fields": {
      "regex": "(reg[a-z]+)", 
      "name": "register"
    }
  }, 
  {
    "pk": 3, 
    "model": "form.pattern", 
    "fields": {
      "regex": "(\\d+)", 
      "name": "numbers"
    }
  }, 
  {
    "pk": 4, 
    "model": "form.pattern", 
    "fields": {
      "regex": "(\\w+)", 
      "name": "letters"
    }
  }, 
  {
    "pk": 5, 
    "model": "form.pattern", 
    "fields": {
      "regex": "(n[a-z]+)", 
      "name": "nets"
    }
  }, 
  {
    "pk": 6, 
    "model": "form.pattern", 
    "fields": {
      "regex": "(n[a-z]+\\s*c[a-z]+)", 
      "name": "net cards"
    }
  }, 
  {
    "pk": 7, 
    "model": "form.pattern", 
    "fields": {
      "regex": "(netcards)", 
      "name": "netcards"
    }
  }, 
  {
    "pk": 8, 
    "model": "form.pattern", 
    "fields": {
      "regex": "(i[a-z]+)", 
      "name": "issue"
    }
  }, 
  {
    "pk": 9, 
    "model": "form.pattern", 
    "fields": {
      "regex": "(t[a-z]+)", 
      "name": "to"
    }
  }, 
  {
    "pk": 10, 
    "model": "form.pattern", 
    "fields": {
      "regex": "(f[a-z]+)", 
      "name": "from"
    }
  }, 
  {
    "pk": 11, 
    "model": "form.pattern", 
    "fields": {
      "regex": "(rec[a-z]+)", 
      "name": "receive"
    }
  }, 
  {
    "pk": 1, 
    "model": "form.domain", 
    "fields": {
      "code": 1, 
      "domain_forms": [
        1, 
        2, 
        3, 
        4, 
        5
      ], 
      "name": "LLIN"
    }
  }, 
  {
    "pk": 1, 
    "model": "form.formentry", 
    "fields": {
      "date": "2009-04-29 17:08:35", 
      "domain": 1, 
      "form": 1, 
      "reporter": null
    }
  }, 
  {
    "pk": 2, 
    "model": "form.formentry", 
    "fields": {
      "date": "2009-04-29 17:09:34", 
      "domain": 1, 
      "form": 1, 
      "reporter": null
    }
  }, 
  {
    "pk": 3, 
    "model": "form.formentry", 
    "fields": {
      "date": "2009-04-29 17:38:09", 
      "domain": 1, 
      "form": 1, 
      "reporter": null
    }
  }, 
  {
    "pk": 4, 
    "model": "form.formentry", 
    "fields": {
      "date": "2009-04-29 17:38:09", 
      "domain": 1, 
      "form": 1, 
      "reporter": null
    }
  }, 
  {
    "pk": 5, 
    "model": "form.formentry", 
    "fields": {
      "date": "2009-04-29 17:38:09", 
      "domain": 1, 
      "form": 1, 
      "reporter": null
    }
  }, 
  {
    "pk": 6, 
    "model": "form.formentry", 
    "fields": {
      "date": "2009-04-29 18:23:55", 
      "domain": 1, 
      "form": 2, 
      "reporter": null
    }
  }, 
  {
    "pk": 7, 
    "model": "form.formentry", 
    "fields": {
      "date": "2009-04-29 18:23:55", 
      "domain": 1, 
      "form": 3, 
      "reporter": null
    }
  }, 
  {
    "pk": 8, 
    "model": "form.formentry", 
    "fields": {
      "date": "2009-04-29 18:26:53", 
      "domain": 1, 
      "form": 3, 
      "reporter": null
    }
  }, 
  {
    "pk": 9, 
    "model": "form.formentry", 
    "fields": {
      "date": "2009-04-29 18:28:18", 
      "domain": 1, 
      "form": 3, 
      "reporter": null
    }
  }, 
  {
    "pk": 10, 
    "model": "form.formentry", 
    "fields": {
      "date": "2009-04-29 18:28:18", 
      "domain": 1, 
      "form": 3, 
      "reporter": null
    }
  }, 
  {
    "pk": 11, 
    "model": "form.formentry", 
    "fields": {
      "date": "2009-04-29 18:29:49", 
      "domain": 1, 
      "form": 3, 
      "reporter": null
    }
  }, 
  {
    "pk": 12, 
    "model": "form.formentry", 
    "fields": {
      "date": "2009-04-29 18:29:49", 
      "domain": 1, 
      "form": 3, 
      "reporter": null
    }
  }, 
  {
    "pk": 13, 
    "model": "form.formentry", 
    "fields": {
      "date": "2009-04-29 18:30:11", 
      "domain": 1, 
      "form": 3, 
      "reporter": null
    }
  }, 
  {
    "pk": 14, 
    "model": "form.formentry", 
    "fields": {
      "date": "2009-04-29 18:31:00", 
      "domain": 1, 
      "form": 3, 
      "reporter": null
    }
  }, 
  {
    "pk": 15, 
    "model": "form.formentry", 
    "fields": {
      "date": "2009-04-29 18:31:00", 
      "domain": 1, 
      "form": 3, 
      "reporter": null
    }
  }, 
  {
    "pk": 16, 
    "model": "form.formentry", 
    "fields": {
      "date": "2009-04-29 18:33:07", 
      "domain": 1, 
      "form": 3, 
      "reporter": null
    }
  }, 
  {
    "pk": 17, 
    "model": "form.formentry", 
    "fields": {
      "date": "2009-04-29 18:35:52", 
      "domain": 1, 
      "form": 3, 
      "reporter": null
    }
  }, 
  {
    "pk": 18, 
    "model": "form.formentry", 
    "fields": {
      "date": "2009-04-29 18:35:52", 
      "domain": 1, 
      "form": 2, 
      "reporter": null
    }
  }, 
  {
    "pk": 19, 
    "model": "form.formentry", 
    "fields": {
      "date": "2009-04-29 18:43:11", 
      "domain": 1, 
      "form": 3, 
      "reporter": null
    }
  }, 
  {
    "pk": 20, 
    "model": "form.formentry", 
    "fields": {
      "date": "2009-04-29 18:43:11", 
      "domain": 1, 
      "form": 3, 
      "reporter": null
    }
  }, 
  {
    "pk": 21, 
    "model": "form.formentry", 
    "fields": {
      "date": "2009-04-29 18:51:53", 
      "domain": 1, 
      "form": 3, 
      "reporter": null
    }
  }, 
  {
    "pk": 22, 
    "model": "form.formentry", 
    "fields": {
      "date": "2009-04-29 18:53:08", 
      "domain": 1, 
      "form": 3, 
      "reporter": null
    }
  }, 
  {
    "pk": 23, 
    "model": "form.formentry", 
    "fields": {
      "date": "2009-04-29 18:55:08", 
      "domain": 1, 
      "form": 3, 
      "reporter": null
    }
  }, 
  {
    "pk": 24, 
    "model": "form.formentry", 
    "fields": {
      "date": "2009-04-29 18:55:08", 
      "domain": 1, 
      "form": 3, 
      "reporter": null
    }
  }, 
  {
    "pk": 25, 
    "model": "form.formentry", 
    "fields": {
      "date": "2009-04-29 18:57:55", 
      "domain": 1, 
      "form": 3, 
      "reporter": null
    }
  }, 
  {
    "pk": 26, 
    "model": "form.formentry", 
    "fields": {
      "date": "2009-04-29 18:58:15", 
      "domain": 1, 
      "form": 3, 
      "reporter": null
    }
  }, 
  {
    "pk": 27, 
    "model": "form.formentry", 
    "fields": {
      "date": "2009-04-29 18:58:15", 
      "domain": 1, 
      "form": 3, 
      "reporter": null
    }
  }, 
  {
    "pk": 28, 
    "model": "form.formentry", 
    "fields": {
      "date": "2009-04-29 18:59:36", 
      "domain": 1, 
      "form": 3, 
      "reporter": null
    }
  }, 
  {
    "pk": 29, 
    "model": "form.formentry", 
    "fields": {
      "date": "2009-04-29 19:02:04", 
      "domain": 1, 
      "form": 3, 
      "reporter": null
    }
  }, 
  {
    "pk": 30, 
    "model": "form.formentry", 
    "fields": {
      "date": "2009-04-29 19:02:04", 
      "domain": 1, 
      "form": 2, 
      "reporter": null
    }
  }, 
  {
    "pk": 31, 
    "model": "form.formentry", 
    "fields": {
      "date": "2009-04-29 19:02:04", 
      "domain": 1, 
      "form": 2, 
      "reporter": null
    }
  }, 
  {
    "pk": 32, 
    "model": "form.formentry", 
    "fields": {
      "date": "2009-04-29 19:13:31", 
      "domain": 1, 
      "form": 4, 
      "reporter": null
    }
  }, 
  {
    "pk": 33, 
    "model": "form.formentry", 
    "fields": {
      "date": "2009-04-29 19:14:31", 
      "domain": 1, 
      "form": 4, 
      "reporter": null
    }
  }, 
  {
    "pk": 34, 
    "model": "form.formentry", 
    "fields": {
      "date": "2009-04-29 19:16:08", 
      "domain": 1, 
      "form": 4, 
      "reporter": null
    }
  }, 
  {
    "pk": 35, 
    "model": "form.formentry", 
    "fields": {
      "date": "2009-04-29 19:18:04", 
      "domain": 1, 
      "form": 4, 
      "reporter": null
    }
  }, 
  {
    "pk": 36, 
    "model": "form.formentry", 
    "fields": {
      "date": "2009-04-29 19:19:04", 
      "domain": 1, 
      "form": 1, 
      "reporter": null
    }
  }, 
  {
    "pk": 37, 
    "model": "form.formentry", 
    "fields": {
      "date": "2009-04-29 19:19:04", 
      "domain": 1, 
      "form": 1, 
      "reporter": null
    }
  }, 
  {
    "pk": 38, 
    "model": "form.formentry", 
    "fields": {
      "date": "2009-04-29 19:19:04", 
      "domain": 1, 
      "form": 1, 
      "reporter": null
    }
  }, 
  {
    "pk": 39, 
    "model": "form.formentry", 
    "fields": {
      "date": "2009-04-29 19:22:39", 
      "domain": 1, 
      "form": 4, 
      "reporter": null
    }
  }, 
  {
    "pk": 40, 
    "model": "form.formentry", 
    "fields": {
      "date": "2009-04-29 19:22:39", 
      "domain": 1, 
      "form": 4, 
      "reporter": null
    }
  }, 
  {
    "pk": 41, 
    "model": "form.formentry", 
    "fields": {
      "date": "2009-04-29 19:24:21", 
      "domain": 1, 
      "form": 4, 
      "reporter": null
    }
  }, 
  {
    "pk": 42, 
    "model": "form.formentry", 
    "fields": {
      "date": "2009-04-29 19:25:33", 
      "domain": 1, 
      "form": 4, 
      "reporter": null
    }
  }, 
  {
    "pk": 43, 
    "model": "form.formentry", 
    "fields": {
      "date": "2009-04-29 19:25:33", 
      "domain": 1, 
      "form": 4, 
      "reporter": null
    }
  }, 
  {
    "pk": 44, 
    "model": "form.formentry", 
    "fields": {
      "date": "2009-04-29 20:18:26", 
      "domain": 1, 
      "form": 3, 
      "reporter": null
    }
  }, 
  {
    "pk": 45, 
    "model": "form.formentry", 
    "fields": {
      "date": "2009-04-29 20:18:26", 
      "domain": 1, 
      "form": 5, 
      "reporter": null
    }
  }, 
  {
    "pk": 46, 
    "model": "form.formentry", 
    "fields": {
      "date": "2009-04-29 20:19:41", 
      "domain": 1, 
      "form": 5, 
      "reporter": null
    }
  }, 
  {
    "pk": 47, 
    "model": "form.formentry", 
    "fields": {
      "date": "2009-04-29 20:19:41", 
      "domain": 1, 
      "form": 4, 
      "reporter": null
    }
  }, 
  {
    "pk": 48, 
    "model": "form.formentry", 
    "fields": {
      "date": "2009-04-29 20:21:29", 
      "domain": 1, 
      "form": 5, 
      "reporter": null
    }
  }, 
  {
    "pk": 1, 
    "model": "form.tokenentry", 
    "fields": {
      "token": 3, 
      "data": "2017", 
      "form_entry": 1
    }
  }, 
  {
    "pk": 2, 
    "model": "form.tokenentry", 
    "fields": {
      "token": 4, 
      "data": "sm", 
      "form_entry": 1
    }
  }, 
  {
    "pk": 3, 
    "model": "form.tokenentry", 
    "fields": {
      "token": 5, 
      "data": "ev", 
      "form_entry": 1
    }
  }, 
  {
    "pk": 4, 
    "model": "form.tokenentry", 
    "fields": {
      "token": 6, 
      "data": "", 
      "form_entry": 1
    }
  }, 
  {
    "pk": 5, 
    "model": "form.tokenentry", 
    "fields": {
      "token": 7, 
      "data": "", 
      "form_entry": 1
    }
  }, 
  {
    "pk": 6, 
    "model": "form.tokenentry", 
    "fields": {
      "token": 3, 
      "data": "2017", 
      "form_entry": 2
    }
  }, 
  {
    "pk": 7, 
    "model": "form.tokenentry", 
    "fields": {
      "token": 4, 
      "data": "sm", 
      "form_entry": 2
    }
  }, 
  {
    "pk": 8, 
    "model": "form.tokenentry", 
    "fields": {
      "token": 5, 
      "data": "ev", 
      "form_entry": 2
    }
  }, 
  {
    "pk": 9, 
    "model": "form.tokenentry", 
    "fields": {
      "token": 6, 
      "data": "", 
      "form_entry": 2
    }
  }, 
  {
    "pk": 10, 
    "model": "form.tokenentry", 
    "fields": {
      "token": 7, 
      "data": "", 
      "form_entry": 2
    }
  }, 
  {
    "pk": 11, 
    "model": "form.tokenentry", 
    "fields": {
      "token": 3, 
      "data": "2018", 
      "form_entry": 3
    }
  }, 
  {
    "pk": 12, 
    "model": "form.tokenentry", 
    "fields": {
      "token": 4, 
      "data": "sm", 
      "form_entry": 3
    }
  }, 
  {
    "pk": 13, 
    "model": "form.tokenentry", 
    "fields": {
      "token": 5, 
      "data": "one", 
      "form_entry": 3
    }
  }, 
  {
    "pk": 14, 
    "model": "form.tokenentry", 
    "fields": {
      "token": 6, 
      "data": "two", 
      "form_entry": 3
    }
  }, 
  {
    "pk": 15, 
    "model": "form.tokenentry", 
    "fields": {
      "token": 7, 
      "data": "three", 
      "form_entry": 3
    }
  }, 
  {
    "pk": 16, 
    "model": "form.tokenentry", 
    "fields": {
      "token": 3, 
      "data": "2019", 
      "form_entry": 4
    }
  }, 
  {
    "pk": 17, 
    "model": "form.tokenentry", 
    "fields": {
      "token": 4, 
      "data": "sm", 
      "form_entry": 4
    }
  }, 
  {
    "pk": 18, 
    "model": "form.tokenentry", 
    "fields": {
      "token": 5, 
      "data": "one", 
      "form_entry": 4
    }
  }, 
  {
    "pk": 19, 
    "model": "form.tokenentry", 
    "fields": {
      "token": 6, 
      "data": "two", 
      "form_entry": 4
    }
  }, 
  {
    "pk": 20, 
    "model": "form.tokenentry", 
    "fields": {
      "token": 7, 
      "data": "three", 
      "form_entry": 4
    }
  }, 
  {
    "pk": 21, 
    "model": "form.tokenentry", 
    "fields": {
      "token": 3, 
      "data": "2022", 
      "form_entry": 5
    }
  }, 
  {
    "pk": 22, 
    "model": "form.tokenentry", 
    "fields": {
      "token": 4, 
      "data": "sm", 
      "form_entry": 5
    }
  }, 
  {
    "pk": 23, 
    "model": "form.tokenentry", 
    "fields": {
      "token": 5, 
      "data": "two", 
      "form_entry": 5
    }
  }, 
  {
    "pk": 24, 
    "model": "form.tokenentry", 
    "fields": {
      "token": 6, 
      "data": "two", 
      "form_entry": 5
    }
  }, 
  {
    "pk": 25, 
    "model": "form.tokenentry", 
    "fields": {
      "token": 7, 
      "data": "three", 
      "form_entry": 5
    }
  }, 
  {
    "pk": 26, 
    "model": "form.tokenentry", 
    "fields": {
      "token": 3, 
      "data": "2022", 
      "form_entry": 6
    }
  }, 
  {
    "pk": 27, 
    "model": "form.tokenentry", 
    "fields": {
      "token": 9, 
      "data": "23", 
      "form_entry": 6
    }
  }, 
  {
    "pk": 28, 
    "model": "form.tokenentry", 
    "fields": {
      "token": 10, 
      "data": "54", 
      "form_entry": 6
    }
  }, 
  {
    "pk": 29, 
    "model": "form.tokenentry", 
    "fields": {
      "token": 11, 
      "data": "3", 
      "form_entry": 6
    }
  }, 
  {
    "pk": 30, 
    "model": "form.tokenentry", 
    "fields": {
      "token": 12, 
      "data": "5", 
      "form_entry": 6
    }
  }, 
  {
    "pk": 31, 
    "model": "form.tokenentry", 
    "fields": {
      "token": 3, 
      "data": "", 
      "form_entry": 7
    }
  }, 
  {
    "pk": 32, 
    "model": "form.tokenentry", 
    "fields": {
      "token": 14, 
      "data": "", 
      "form_entry": 7
    }
  }, 
  {
    "pk": 33, 
    "model": "form.tokenentry", 
    "fields": {
      "token": 15, 
      "data": "", 
      "form_entry": 7
    }
  }, 
  {
    "pk": 34, 
    "model": "form.tokenentry", 
    "fields": {
      "token": 16, 
      "data": "", 
      "form_entry": 7
    }
  }, 
  {
    "pk": 35, 
    "model": "form.tokenentry", 
    "fields": {
      "token": 3, 
      "data": "", 
      "form_entry": 8
    }
  }, 
  {
    "pk": 36, 
    "model": "form.tokenentry", 
    "fields": {
      "token": 14, 
      "data": "", 
      "form_entry": 8
    }
  }, 
  {
    "pk": 37, 
    "model": "form.tokenentry", 
    "fields": {
      "token": 15, 
      "data": "", 
      "form_entry": 8
    }
  }, 
  {
    "pk": 38, 
    "model": "form.tokenentry", 
    "fields": {
      "token": 16, 
      "data": "", 
      "form_entry": 8
    }
  }, 
  {
    "pk": 39, 
    "model": "form.tokenentry", 
    "fields": {
      "token": 3, 
      "data": "", 
      "form_entry": 9
    }
  }, 
  {
    "pk": 40, 
    "model": "form.tokenentry", 
    "fields": {
      "token": 14, 
      "data": "", 
      "form_entry": 9
    }
  }, 
  {
    "pk": 41, 
    "model": "form.tokenentry", 
    "fields": {
      "token": 15, 
      "data": "", 
      "form_entry": 9
    }
  }, 
  {
    "pk": 42, 
    "model": "form.tokenentry", 
    "fields": {
      "token": 16, 
      "data": "", 
      "form_entry": 9
    }
  }, 
  {
    "pk": 43, 
    "model": "form.tokenentry", 
    "fields": {
      "token": 3, 
      "data": "", 
      "form_entry": 10
    }
  }, 
  {
    "pk": 44, 
    "model": "form.tokenentry", 
    "fields": {
      "token": 14, 
      "data": "", 
      "form_entry": 10
    }
  }, 
  {
    "pk": 45, 
    "model": "form.tokenentry", 
    "fields": {
      "token": 15, 
      "data": "", 
      "form_entry": 10
    }
  }, 
  {
    "pk": 46, 
    "model": "form.tokenentry", 
    "fields": {
      "token": 16, 
      "data": "", 
      "form_entry": 10
    }
  }, 
  {
    "pk": 47, 
    "model": "form.tokenentry", 
    "fields": {
      "token": 3, 
      "data": "", 
      "form_entry": 11
    }
  }, 
  {
    "pk": 48, 
    "model": "form.tokenentry", 
    "fields": {
      "token": 14, 
      "data": "", 
      "form_entry": 11
    }
  }, 
  {
    "pk": 49, 
    "model": "form.tokenentry", 
    "fields": {
      "token": 15, 
      "data": "", 
      "form_entry": 11
    }
  }, 
  {
    "pk": 50, 
    "model": "form.tokenentry", 
    "fields": {
      "token": 16, 
      "data": "", 
      "form_entry": 11
    }
  }, 
  {
    "pk": 51, 
    "model": "form.tokenentry", 
    "fields": {
      "token": 3, 
      "data": "", 
      "form_entry": 12
    }
  }, 
  {
    "pk": 52, 
    "model": "form.tokenentry", 
    "fields": {
      "token": 14, 
      "data": "", 
      "form_entry": 12
    }
  }, 
  {
    "pk": 53, 
    "model": "form.tokenentry", 
    "fields": {
      "token": 15, 
      "data": "", 
      "form_entry": 12
    }
  }, 
  {
    "pk": 54, 
    "model": "form.tokenentry", 
    "fields": {
      "token": 16, 
      "data": "", 
      "form_entry": 12
    }
  }, 
  {
    "pk": 55, 
    "model": "form.tokenentry", 
    "fields": {
      "token": 3, 
      "data": "", 
      "form_entry": 13
    }
  }, 
  {
    "pk": 56, 
    "model": "form.tokenentry", 
    "fields": {
      "token": 14, 
      "data": "", 
      "form_entry": 13
    }
  }, 
  {
    "pk": 57, 
    "model": "form.tokenentry", 
    "fields": {
      "token": 15, 
      "data": "", 
      "form_entry": 13
    }
  }, 
  {
    "pk": 58, 
    "model": "form.tokenentry", 
    "fields": {
      "token": 16, 
      "data": "", 
      "form_entry": 13
    }
  }, 
  {
    "pk": 59, 
    "model": "form.tokenentry", 
    "fields": {
      "token": 3, 
      "data": "", 
      "form_entry": 14
    }
  }, 
  {
    "pk": 60, 
    "model": "form.tokenentry", 
    "fields": {
      "token": 14, 
      "data": "", 
      "form_entry": 14
    }
  }, 
  {
    "pk": 61, 
    "model": "form.tokenentry", 
    "fields": {
      "token": 15, 
      "data": "", 
      "form_entry": 14
    }
  }, 
  {
    "pk": 62, 
    "model": "form.tokenentry", 
    "fields": {
      "token": 16, 
      "data": "", 
      "form_entry": 14
    }
  }, 
  {
    "pk": 63, 
    "model": "form.tokenentry", 
    "fields": {
      "token": 3, 
      "data": "", 
      "form_entry": 15
    }
  }, 
  {
    "pk": 64, 
    "model": "form.tokenentry", 
    "fields": {
      "token": 14, 
      "data": "", 
      "form_entry": 15
    }
  }, 
  {
    "pk": 65, 
    "model": "form.tokenentry", 
    "fields": {
      "token": 15, 
      "data": "", 
      "form_entry": 15
    }
  }, 
  {
    "pk": 66, 
    "model": "form.tokenentry", 
    "fields": {
      "token": 16, 
      "data": "", 
      "form_entry": 15
    }
  }, 
  {
    "pk": 67, 
    "model": "form.tokenentry", 
    "fields": {
      "token": 3, 
      "data": "", 
      "form_entry": 16
    }
  }, 
  {
    "pk": 68, 
    "model": "form.tokenentry", 
    "fields": {
      "token": 14, 
      "data": "", 
      "form_entry": 16
    }
  }, 
  {
    "pk": 69, 
    "model": "form.tokenentry", 
    "fields": {
      "token": 15, 
      "data": "", 
      "form_entry": 16
    }
  }, 
  {
    "pk": 70, 
    "model": "form.tokenentry", 
    "fields": {
      "token": 16, 
      "data": "", 
      "form_entry": 16
    }
  }, 
  {
    "pk": 71, 
    "model": "form.tokenentry", 
    "fields": {
      "token": 3, 
      "data": "", 
      "form_entry": 17
    }
  }, 
  {
    "pk": 72, 
    "model": "form.tokenentry", 
    "fields": {
      "token": 14, 
      "data": "", 
      "form_entry": 17
    }
  }, 
  {
    "pk": 73, 
    "model": "form.tokenentry", 
    "fields": {
      "token": 15, 
      "data": "", 
      "form_entry": 17
    }
  }, 
  {
    "pk": 74, 
    "model": "form.tokenentry", 
    "fields": {
      "token": 16, 
      "data": "", 
      "form_entry": 17
    }
  }, 
  {
    "pk": 75, 
    "model": "form.tokenentry", 
    "fields": {
      "token": 3, 
      "data": "2022", 
      "form_entry": 18
    }
  }, 
  {
    "pk": 76, 
    "model": "form.tokenentry", 
    "fields": {
      "token": 9, 
      "data": "23", 
      "form_entry": 18
    }
  }, 
  {
    "pk": 77, 
    "model": "form.tokenentry", 
    "fields": {
      "token": 10, 
      "data": "54", 
      "form_entry": 18
    }
  }, 
  {
    "pk": 78, 
    "model": "form.tokenentry", 
    "fields": {
      "token": 11, 
      "data": "3", 
      "form_entry": 18
    }
  }, 
  {
    "pk": 79, 
    "model": "form.tokenentry", 
    "fields": {
      "token": 12, 
      "data": "8", 
      "form_entry": 18
    }
  }, 
  {
    "pk": 80, 
    "model": "form.tokenentry", 
    "fields": {
      "token": 3, 
      "data": "2022", 
      "form_entry": 19
    }
  }, 
  {
    "pk": 81, 
    "model": "form.tokenentry", 
    "fields": {
      "token": 14, 
      "data": "23", 
      "form_entry": 19
    }
  }, 
  {
    "pk": 82, 
    "model": "form.tokenentry", 
    "fields": {
      "token": 15, 
      "data": "54", 
      "form_entry": 19
    }
  }, 
  {
    "pk": 83, 
    "model": "form.tokenentry", 
    "fields": {
      "token": 16, 
      "data": "3", 
      "form_entry": 19
    }
  }, 
  {
    "pk": 84, 
    "model": "form.tokenentry", 
    "fields": {
      "token": 3, 
      "data": "2023", 
      "form_entry": 20
    }
  }, 
  {
    "pk": 85, 
    "model": "form.tokenentry", 
    "fields": {
      "token": 14, 
      "data": "23", 
      "form_entry": 20
    }
  }, 
  {
    "pk": 86, 
    "model": "form.tokenentry", 
    "fields": {
      "token": 15, 
      "data": "54", 
      "form_entry": 20
    }
  }, 
  {
    "pk": 87, 
    "model": "form.tokenentry", 
    "fields": {
      "token": 16, 
      "data": "3", 
      "form_entry": 20
    }
  }, 
  {
    "pk": 88, 
    "model": "form.tokenentry", 
    "fields": {
      "token": 3, 
      "data": "2023", 
      "form_entry": 21
    }
  }, 
  {
    "pk": 89, 
    "model": "form.tokenentry", 
    "fields": {
      "token": 14, 
      "data": "23", 
      "form_entry": 21
    }
  }, 
  {
    "pk": 90, 
    "model": "form.tokenentry", 
    "fields": {
      "token": 15, 
      "data": "54", 
      "form_entry": 21
    }
  }, 
  {
    "pk": 91, 
    "model": "form.tokenentry", 
    "fields": {
      "token": 16, 
      "data": "3", 
      "form_entry": 21
    }
  }, 
  {
    "pk": 92, 
    "model": "form.tokenentry", 
    "fields": {
      "token": 3, 
      "data": "2023", 
      "form_entry": 22
    }
  }, 
  {
    "pk": 93, 
    "model": "form.tokenentry", 
    "fields": {
      "token": 14, 
      "data": "23", 
      "form_entry": 22
    }
  }, 
  {
    "pk": 94, 
    "model": "form.tokenentry", 
    "fields": {
      "token": 15, 
      "data": "54", 
      "form_entry": 22
    }
  }, 
  {
    "pk": 95, 
    "model": "form.tokenentry", 
    "fields": {
      "token": 16, 
      "data": "3", 
      "form_entry": 22
    }
  }, 
  {
    "pk": 96, 
    "model": "form.tokenentry", 
    "fields": {
      "token": 3, 
      "data": "2023", 
      "form_entry": 23
    }
  }, 
  {
    "pk": 97, 
    "model": "form.tokenentry", 
    "fields": {
      "token": 14, 
      "data": "23", 
      "form_entry": 23
    }
  }, 
  {
    "pk": 98, 
    "model": "form.tokenentry", 
    "fields": {
      "token": 15, 
      "data": "54", 
      "form_entry": 23
    }
  }, 
  {
    "pk": 99, 
    "model": "form.tokenentry", 
    "fields": {
      "token": 16, 
      "data": "3", 
      "form_entry": 23
    }
  }, 
  {
    "pk": 100, 
    "model": "form.tokenentry", 
    "fields": {
      "token": 3, 
      "data": "2023", 
      "form_entry": 24
    }
  }, 
  {
    "pk": 101, 
    "model": "form.tokenentry", 
    "fields": {
      "token": 14, 
      "data": "23", 
      "form_entry": 24
    }
  }, 
  {
    "pk": 102, 
    "model": "form.tokenentry", 
    "fields": {
      "token": 15, 
      "data": "54", 
      "form_entry": 24
    }
  }, 
  {
    "pk": 103, 
    "model": "form.tokenentry", 
    "fields": {
      "token": 16, 
      "data": "3", 
      "form_entry": 24
    }
  }, 
  {
    "pk": 104, 
    "model": "form.tokenentry", 
    "fields": {
      "token": 3, 
      "data": "2023", 
      "form_entry": 25
    }
  }, 
  {
    "pk": 105, 
    "model": "form.tokenentry", 
    "fields": {
      "token": 14, 
      "data": "23", 
      "form_entry": 25
    }
  }, 
  {
    "pk": 106, 
    "model": "form.tokenentry", 
    "fields": {
      "token": 15, 
      "data": "54", 
      "form_entry": 25
    }
  }, 
  {
    "pk": 107, 
    "model": "form.tokenentry", 
    "fields": {
      "token": 16, 
      "data": "3", 
      "form_entry": 25
    }
  }, 
  {
    "pk": 108, 
    "model": "form.tokenentry", 
    "fields": {
      "token": 3, 
      "data": "2023", 
      "form_entry": 26
    }
  }, 
  {
    "pk": 109, 
    "model": "form.tokenentry", 
    "fields": {
      "token": 14, 
      "data": "23", 
      "form_entry": 26
    }
  }, 
  {
    "pk": 110, 
    "model": "form.tokenentry", 
    "fields": {
      "token": 15, 
      "data": "54", 
      "form_entry": 26
    }
  }, 
  {
    "pk": 111, 
    "model": "form.tokenentry", 
    "fields": {
      "token": 16, 
      "data": "3", 
      "form_entry": 26
    }
  }, 
  {
    "pk": 112, 
    "model": "form.tokenentry", 
    "fields": {
      "token": 3, 
      "data": "2024", 
      "form_entry": 27
    }
  }, 
  {
    "pk": 113, 
    "model": "form.tokenentry", 
    "fields": {
      "token": 14, 
      "data": "23", 
      "form_entry": 27
    }
  }, 
  {
    "pk": 114, 
    "model": "form.tokenentry", 
    "fields": {
      "token": 15, 
      "data": "54", 
      "form_entry": 27
    }
  }, 
  {
    "pk": 115, 
    "model": "form.tokenentry", 
    "fields": {
      "token": 16, 
      "data": "3", 
      "form_entry": 27
    }
  }, 
  {
    "pk": 116, 
    "model": "form.tokenentry", 
    "fields": {
      "token": 3, 
      "data": "2023", 
      "form_entry": 28
    }
  }, 
  {
    "pk": 117, 
    "model": "form.tokenentry", 
    "fields": {
      "token": 14, 
      "data": "23", 
      "form_entry": 28
    }
  }, 
  {
    "pk": 118, 
    "model": "form.tokenentry", 
    "fields": {
      "token": 15, 
      "data": "54", 
      "form_entry": 28
    }
  }, 
  {
    "pk": 119, 
    "model": "form.tokenentry", 
    "fields": {
      "token": 16, 
      "data": "3", 
      "form_entry": 28
    }
  }, 
  {
    "pk": 120, 
    "model": "form.tokenentry", 
    "fields": {
      "token": 3, 
      "data": "2023", 
      "form_entry": 29
    }
  }, 
  {
    "pk": 121, 
    "model": "form.tokenentry", 
    "fields": {
      "token": 14, 
      "data": "23", 
      "form_entry": 29
    }
  }, 
  {
    "pk": 122, 
    "model": "form.tokenentry", 
    "fields": {
      "token": 15, 
      "data": "54", 
      "form_entry": 29
    }
  }, 
  {
    "pk": 123, 
    "model": "form.tokenentry", 
    "fields": {
      "token": 16, 
      "data": "3", 
      "form_entry": 29
    }
  }, 
  {
    "pk": 124, 
    "model": "form.tokenentry", 
    "fields": {
      "token": 3, 
      "data": "2023", 
      "form_entry": 30
    }
  }, 
  {
    "pk": 125, 
    "model": "form.tokenentry", 
    "fields": {
      "token": 9, 
      "data": "23", 
      "form_entry": 30
    }
  }, 
  {
    "pk": 126, 
    "model": "form.tokenentry", 
    "fields": {
      "token": 10, 
      "data": "54", 
      "form_entry": 30
    }
  }, 
  {
    "pk": 127, 
    "model": "form.tokenentry", 
    "fields": {
      "token": 11, 
      "data": "33", 
      "form_entry": 30
    }
  }, 
  {
    "pk": 128, 
    "model": "form.tokenentry", 
    "fields": {
      "token": 12, 
      "data": "", 
      "form_entry": 30
    }
  }, 
  {
    "pk": 129, 
    "model": "form.tokenentry", 
    "fields": {
      "token": 3, 
      "data": "2023", 
      "form_entry": 31
    }
  }, 
  {
    "pk": 130, 
    "model": "form.tokenentry", 
    "fields": {
      "token": 9, 
      "data": "23", 
      "form_entry": 31
    }
  }, 
  {
    "pk": 131, 
    "model": "form.tokenentry", 
    "fields": {
      "token": 10, 
      "data": "54", 
      "form_entry": 31
    }
  }, 
  {
    "pk": 132, 
    "model": "form.tokenentry", 
    "fields": {
      "token": 11, 
      "data": "33", 
      "form_entry": 31
    }
  }, 
  {
    "pk": 133, 
    "model": "form.tokenentry", 
    "fields": {
      "token": 12, 
      "data": "6", 
      "form_entry": 31
    }
  }, 
  {
    "pk": 134, 
    "model": "form.tokenentry", 
    "fields": {
      "token": 19, 
      "data": "from", 
      "form_entry": 32
    }
  }, 
  {
    "pk": 135, 
    "model": "form.tokenentry", 
    "fields": {
      "token": 3, 
      "data": "2006", 
      "form_entry": 32
    }
  }, 
  {
    "pk": 136, 
    "model": "form.tokenentry", 
    "fields": {
      "token": 18, 
      "data": "to", 
      "form_entry": 32
    }
  }, 
  {
    "pk": 137, 
    "model": "form.tokenentry", 
    "fields": {
      "token": 3, 
      "data": "2006031", 
      "form_entry": 32
    }
  }, 
  {
    "pk": 138, 
    "model": "form.tokenentry", 
    "fields": {
      "token": 20, 
      "data": "10436", 
      "form_entry": 32
    }
  }, 
  {
    "pk": 139, 
    "model": "form.tokenentry", 
    "fields": {
      "token": 21, 
      "data": "20", 
      "form_entry": 32
    }
  }, 
  {
    "pk": 140, 
    "model": "form.tokenentry", 
    "fields": {
      "token": 22, 
      "data": "768", 
      "form_entry": 32
    }
  }, 
  {
    "pk": 141, 
    "model": "form.tokenentry", 
    "fields": {
      "token": 19, 
      "data": "from", 
      "form_entry": 33
    }
  }, 
  {
    "pk": 142, 
    "model": "form.tokenentry", 
    "fields": {
      "token": 3, 
      "data": "2006", 
      "form_entry": 33
    }
  }, 
  {
    "pk": 143, 
    "model": "form.tokenentry", 
    "fields": {
      "token": 18, 
      "data": "to", 
      "form_entry": 33
    }
  }, 
  {
    "pk": 144, 
    "model": "form.tokenentry", 
    "fields": {
      "token": 3, 
      "data": "2006031", 
      "form_entry": 33
    }
  }, 
  {
    "pk": 145, 
    "model": "form.tokenentry", 
    "fields": {
      "token": 20, 
      "data": "10436", 
      "form_entry": 33
    }
  }, 
  {
    "pk": 146, 
    "model": "form.tokenentry", 
    "fields": {
      "token": 21, 
      "data": "20", 
      "form_entry": 33
    }
  }, 
  {
    "pk": 147, 
    "model": "form.tokenentry", 
    "fields": {
      "token": 22, 
      "data": "768", 
      "form_entry": 33
    }
  }, 
  {
    "pk": 148, 
    "model": "form.tokenentry", 
    "fields": {
      "token": 19, 
      "data": "from", 
      "form_entry": 34
    }
  }, 
  {
    "pk": 149, 
    "model": "form.tokenentry", 
    "fields": {
      "token": 3, 
      "data": "2006", 
      "form_entry": 34
    }
  }, 
  {
    "pk": 150, 
    "model": "form.tokenentry", 
    "fields": {
      "token": 18, 
      "data": "to", 
      "form_entry": 34
    }
  }, 
  {
    "pk": 151, 
    "model": "form.tokenentry", 
    "fields": {
      "token": 3, 
      "data": "2006031", 
      "form_entry": 34
    }
  }, 
  {
    "pk": 152, 
    "model": "form.tokenentry", 
    "fields": {
      "token": 20, 
      "data": "10436", 
      "form_entry": 34
    }
  }, 
  {
    "pk": 153, 
    "model": "form.tokenentry", 
    "fields": {
      "token": 21, 
      "data": "20", 
      "form_entry": 34
    }
  }, 
  {
    "pk": 154, 
    "model": "form.tokenentry", 
    "fields": {
      "token": 22, 
      "data": "768", 
      "form_entry": 34
    }
  }, 
  {
    "pk": 155, 
    "model": "form.tokenentry", 
    "fields": {
      "token": 19, 
      "data": "from", 
      "form_entry": 35
    }
  }, 
  {
    "pk": 156, 
    "model": "form.tokenentry", 
    "fields": {
      "token": 24, 
      "data": "2006", 
      "form_entry": 35
    }
  }, 
  {
    "pk": 157, 
    "model": "form.tokenentry", 
    "fields": {
      "token": 18, 
      "data": "to", 
      "form_entry": 35
    }
  }, 
  {
    "pk": 158, 
    "model": "form.tokenentry", 
    "fields": {
      "token": 25, 
      "data": "2006031", 
      "form_entry": 35
    }
  }, 
  {
    "pk": 159, 
    "model": "form.tokenentry", 
    "fields": {
      "token": 20, 
      "data": "10436", 
      "form_entry": 35
    }
  }, 
  {
    "pk": 160, 
    "model": "form.tokenentry", 
    "fields": {
      "token": 21, 
      "data": "20", 
      "form_entry": 35
    }
  }, 
  {
    "pk": 161, 
    "model": "form.tokenentry", 
    "fields": {
      "token": 22, 
      "data": "768", 
      "form_entry": 35
    }
  }, 
  {
    "pk": 162, 
    "model": "form.tokenentry", 
    "fields": {
      "token": 3, 
      "data": "", 
      "form_entry": 36
    }
  }, 
  {
    "pk": 163, 
    "model": "form.tokenentry", 
    "fields": {
      "token": 4, 
      "data": "from", 
      "form_entry": 36
    }
  }, 
  {
    "pk": 164, 
    "model": "form.tokenentry", 
    "fields": {
      "token": 5, 
      "data": "2006", 
      "form_entry": 36
    }
  }, 
  {
    "pk": 165, 
    "model": "form.tokenentry", 
    "fields": {
      "token": 6, 
      "data": "to", 
      "form_entry": 36
    }
  }, 
  {
    "pk": 166, 
    "model": "form.tokenentry", 
    "fields": {
      "token": 7, 
      "data": "2006031", 
      "form_entry": 36
    }
  }, 
  {
    "pk": 167, 
    "model": "form.tokenentry", 
    "fields": {
      "token": 3, 
      "data": "", 
      "form_entry": 37
    }
  }, 
  {
    "pk": 168, 
    "model": "form.tokenentry", 
    "fields": {
      "token": 4, 
      "data": "from", 
      "form_entry": 37
    }
  }, 
  {
    "pk": 169, 
    "model": "form.tokenentry", 
    "fields": {
      "token": 5, 
      "data": "2006", 
      "form_entry": 37
    }
  }, 
  {
    "pk": 170, 
    "model": "form.tokenentry", 
    "fields": {
      "token": 6, 
      "data": "to", 
      "form_entry": 37
    }
  }, 
  {
    "pk": 171, 
    "model": "form.tokenentry", 
    "fields": {
      "token": 7, 
      "data": "2006031", 
      "form_entry": 37
    }
  }, 
  {
    "pk": 172, 
    "model": "form.tokenentry", 
    "fields": {
      "token": 3, 
      "data": "", 
      "form_entry": 38
    }
  }, 
  {
    "pk": 173, 
    "model": "form.tokenentry", 
    "fields": {
      "token": 4, 
      "data": "from", 
      "form_entry": 38
    }
  }, 
  {
    "pk": 174, 
    "model": "form.tokenentry", 
    "fields": {
      "token": 5, 
      "data": "2006", 
      "form_entry": 38
    }
  }, 
  {
    "pk": 175, 
    "model": "form.tokenentry", 
    "fields": {
      "token": 6, 
      "data": "to", 
      "form_entry": 38
    }
  }, 
  {
    "pk": 176, 
    "model": "form.tokenentry", 
    "fields": {
      "token": 7, 
      "data": "2006031", 
      "form_entry": 38
    }
  }, 
  {
    "pk": 177, 
    "model": "form.tokenentry", 
    "fields": {
      "token": 19, 
      "data": "", 
      "form_entry": 39
    }
  }, 
  {
    "pk": 178, 
    "model": "form.tokenentry", 
    "fields": {
      "token": 24, 
      "data": "", 
      "form_entry": 39
    }
  }, 
  {
    "pk": 179, 
    "model": "form.tokenentry", 
    "fields": {
      "token": 18, 
      "data": "", 
      "form_entry": 39
    }
  }, 
  {
    "pk": 180, 
    "model": "form.tokenentry", 
    "fields": {
      "token": 25, 
      "data": "", 
      "form_entry": 39
    }
  }, 
  {
    "pk": 181, 
    "model": "form.tokenentry", 
    "fields": {
      "token": 20, 
      "data": "", 
      "form_entry": 39
    }
  }, 
  {
    "pk": 182, 
    "model": "form.tokenentry", 
    "fields": {
      "token": 21, 
      "data": "", 
      "form_entry": 39
    }
  }, 
  {
    "pk": 183, 
    "model": "form.tokenentry", 
    "fields": {
      "token": 22, 
      "data": "", 
      "form_entry": 39
    }
  }, 
  {
    "pk": 184, 
    "model": "form.tokenentry", 
    "fields": {
      "token": 19, 
      "data": "", 
      "form_entry": 40
    }
  }, 
  {
    "pk": 185, 
    "model": "form.tokenentry", 
    "fields": {
      "token": 24, 
      "data": "", 
      "form_entry": 40
    }
  }, 
  {
    "pk": 186, 
    "model": "form.tokenentry", 
    "fields": {
      "token": 18, 
      "data": "", 
      "form_entry": 40
    }
  }, 
  {
    "pk": 187, 
    "model": "form.tokenentry", 
    "fields": {
      "token": 25, 
      "data": "", 
      "form_entry": 40
    }
  }, 
  {
    "pk": 188, 
    "model": "form.tokenentry", 
    "fields": {
      "token": 20, 
      "data": "", 
      "form_entry": 40
    }
  }, 
  {
    "pk": 189, 
    "model": "form.tokenentry", 
    "fields": {
      "token": 21, 
      "data": "", 
      "form_entry": 40
    }
  }, 
  {
    "pk": 190, 
    "model": "form.tokenentry", 
    "fields": {
      "token": 22, 
      "data": "", 
      "form_entry": 40
    }
  }, 
  {
    "pk": 191, 
    "model": "form.tokenentry", 
    "fields": {
      "token": 19, 
      "data": "", 
      "form_entry": 41
    }
  }, 
  {
    "pk": 192, 
    "model": "form.tokenentry", 
    "fields": {
      "token": 24, 
      "data": "", 
      "form_entry": 41
    }
  }, 
  {
    "pk": 193, 
    "model": "form.tokenentry", 
    "fields": {
      "token": 18, 
      "data": "", 
      "form_entry": 41
    }
  }, 
  {
    "pk": 194, 
    "model": "form.tokenentry", 
    "fields": {
      "token": 25, 
      "data": "", 
      "form_entry": 41
    }
  }, 
  {
    "pk": 195, 
    "model": "form.tokenentry", 
    "fields": {
      "token": 20, 
      "data": "", 
      "form_entry": 41
    }
  }, 
  {
    "pk": 196, 
    "model": "form.tokenentry", 
    "fields": {
      "token": 21, 
      "data": "", 
      "form_entry": 41
    }
  }, 
  {
    "pk": 197, 
    "model": "form.tokenentry", 
    "fields": {
      "token": 22, 
      "data": "", 
      "form_entry": 41
    }
  }, 
  {
    "pk": 198, 
    "model": "form.tokenentry", 
    "fields": {
      "token": 19, 
      "data": "", 
      "form_entry": 42
    }
  }, 
  {
    "pk": 199, 
    "model": "form.tokenentry", 
    "fields": {
      "token": 24, 
      "data": "", 
      "form_entry": 42
    }
  }, 
  {
    "pk": 200, 
    "model": "form.tokenentry", 
    "fields": {
      "token": 18, 
      "data": "", 
      "form_entry": 42
    }
  }, 
  {
    "pk": 201, 
    "model": "form.tokenentry", 
    "fields": {
      "token": 25, 
      "data": "", 
      "form_entry": 42
    }
  }, 
  {
    "pk": 202, 
    "model": "form.tokenentry", 
    "fields": {
      "token": 20, 
      "data": "", 
      "form_entry": 42
    }
  }, 
  {
    "pk": 203, 
    "model": "form.tokenentry", 
    "fields": {
      "token": 21, 
      "data": "", 
      "form_entry": 42
    }
  }, 
  {
    "pk": 204, 
    "model": "form.tokenentry", 
    "fields": {
      "token": 22, 
      "data": "", 
      "form_entry": 42
    }
  }, 
  {
    "pk": 205, 
    "model": "form.tokenentry", 
    "fields": {
      "token": 19, 
      "data": "", 
      "form_entry": 43
    }
  }, 
  {
    "pk": 206, 
    "model": "form.tokenentry", 
    "fields": {
      "token": 24, 
      "data": "", 
      "form_entry": 43
    }
  }, 
  {
    "pk": 207, 
    "model": "form.tokenentry", 
    "fields": {
      "token": 18, 
      "data": "", 
      "form_entry": 43
    }
  }, 
  {
    "pk": 208, 
    "model": "form.tokenentry", 
    "fields": {
      "token": 25, 
      "data": "", 
      "form_entry": 43
    }
  }, 
  {
    "pk": 209, 
    "model": "form.tokenentry", 
    "fields": {
      "token": 20, 
      "data": "", 
      "form_entry": 43
    }
  }, 
  {
    "pk": 210, 
    "model": "form.tokenentry", 
    "fields": {
      "token": 21, 
      "data": "", 
      "form_entry": 43
    }
  }, 
  {
    "pk": 211, 
    "model": "form.tokenentry", 
    "fields": {
      "token": 22, 
      "data": "", 
      "form_entry": 43
    }
  }, 
  {
    "pk": 212, 
    "model": "form.tokenentry", 
    "fields": {
      "token": 3, 
      "data": "2024", 
      "form_entry": 44
    }
  }, 
  {
    "pk": 213, 
    "model": "form.tokenentry", 
    "fields": {
      "token": 14, 
      "data": "23", 
      "form_entry": 44
    }
  }, 
  {
    "pk": 214, 
    "model": "form.tokenentry", 
    "fields": {
      "token": 15, 
      "data": "54", 
      "form_entry": 44
    }
  }, 
  {
    "pk": 215, 
    "model": "form.tokenentry", 
    "fields": {
      "token": 16, 
      "data": "3", 
      "form_entry": 44
    }
  }, 
  {
    "pk": 216, 
    "model": "form.tokenentry", 
    "fields": {
      "token": 19, 
      "data": "from", 
      "form_entry": 45
    }
  }, 
  {
    "pk": 217, 
    "model": "form.tokenentry", 
    "fields": {
      "token": 24, 
      "data": "20", 
      "form_entry": 45
    }
  }, 
  {
    "pk": 218, 
    "model": "form.tokenentry", 
    "fields": {
      "token": 18, 
      "data": "to", 
      "form_entry": 45
    }
  }, 
  {
    "pk": 219, 
    "model": "form.tokenentry", 
    "fields": {
      "token": 25, 
      "data": "2006", 
      "form_entry": 45
    }
  }, 
  {
    "pk": 220, 
    "model": "form.tokenentry", 
    "fields": {
      "token": 20, 
      "data": "10436", 
      "form_entry": 45
    }
  }, 
  {
    "pk": 221, 
    "model": "form.tokenentry", 
    "fields": {
      "token": 21, 
      "data": "20", 
      "form_entry": 45
    }
  }, 
  {
    "pk": 222, 
    "model": "form.tokenentry", 
    "fields": {
      "token": 22, 
      "data": "768", 
      "form_entry": 45
    }
  }, 
  {
    "pk": 223, 
    "model": "form.tokenentry", 
    "fields": {
      "token": 19, 
      "data": "from", 
      "form_entry": 46
    }
  }, 
  {
    "pk": 224, 
    "model": "form.tokenentry", 
    "fields": {
      "token": 24, 
      "data": "20", 
      "form_entry": 46
    }
  }, 
  {
    "pk": 225, 
    "model": "form.tokenentry", 
    "fields": {
      "token": 18, 
      "data": "to", 
      "form_entry": 46
    }
  }, 
  {
    "pk": 226, 
    "model": "form.tokenentry", 
    "fields": {
      "token": 25, 
      "data": "2006", 
      "form_entry": 46
    }
  }, 
  {
    "pk": 227, 
    "model": "form.tokenentry", 
    "fields": {
      "token": 20, 
      "data": "10436", 
      "form_entry": 46
    }
  }, 
  {
    "pk": 228, 
    "model": "form.tokenentry", 
    "fields": {
      "token": 21, 
      "data": "20", 
      "form_entry": 46
    }
  }, 
  {
    "pk": 229, 
    "model": "form.tokenentry", 
    "fields": {
      "token": 22, 
      "data": "768", 
      "form_entry": 46
    }
  }, 
  {
    "pk": 230, 
    "model": "form.tokenentry", 
    "fields": {
      "token": 19, 
      "data": "from", 
      "form_entry": 47
    }
  }, 
  {
    "pk": 231, 
    "model": "form.tokenentry", 
    "fields": {
      "token": 24, 
      "data": "20", 
      "form_entry": 47
    }
  }, 
  {
    "pk": 232, 
    "model": "form.tokenentry", 
    "fields": {
      "token": 18, 
      "data": "to", 
      "form_entry": 47
    }
  }, 
  {
    "pk": 233, 
    "model": "form.tokenentry", 
    "fields": {
      "token": 25, 
      "data": "2006", 
      "form_entry": 47
    }
  }, 
  {
    "pk": 234, 
    "model": "form.tokenentry", 
    "fields": {
      "token": 20, 
      "data": "10436", 
      "form_entry": 47
    }
  }, 
  {
    "pk": 235, 
    "model": "form.tokenentry", 
    "fields": {
      "token": 21, 
      "data": "20", 
      "form_entry": 47
    }
  }, 
  {
    "pk": 236, 
    "model": "form.tokenentry", 
    "fields": {
      "token": 22, 
      "data": "968", 
      "form_entry": 47
    }
  }, 
  {
    "pk": 237, 
    "model": "form.tokenentry", 
    "fields": {
      "token": 19, 
      "data": "from", 
      "form_entry": 48
    }
  }, 
  {
    "pk": 238, 
    "model": "form.tokenentry", 
    "fields": {
      "token": 24, 
      "data": "20", 
      "form_entry": 48
    }
  }, 
  {
    "pk": 239, 
    "model": "form.tokenentry", 
    "fields": {
      "token": 18, 
      "data": "to", 
      "form_entry": 48
    }
  }, 
  {
    "pk": 240, 
    "model": "form.tokenentry", 
    "fields": {
      "token": 25, 
      "data": "2006", 
      "form_entry": 48
    }
  }, 
  {
    "pk": 241, 
    "model": "form.tokenentry", 
    "fields": {
      "token": 20, 
      "data": "10436", 
      "form_entry": 48
    }
  }, 
  {
    "pk": 242, 
    "model": "form.tokenentry", 
    "fields": {
      "token": 21, 
      "data": "20", 
      "form_entry": 48
    }
  }, 
  {
    "pk": 243, 
    "model": "form.tokenentry", 
    "fields": {
      "token": 22, 
      "data": "768", 
      "form_entry": 48
    }
  }, 
  {
    "pk": 1, 
    "model": "form.tokenvalidator", 
    "fields": {
      "token": 3
    }
  }, 
  {
    "pk": 2, 
    "model": "form.tokenvalidator", 
    "fields": {
      "token": 4
    }
  }, 
  {
    "pk": 3, 
    "model": "form.tokenvalidator", 
    "fields": {
      "token": 24
    }
  }, 
  {
    "pk": 4, 
    "model": "form.tokenvalidator", 
    "fields": {
      "token": 25
    }
  }, 
  {
    "pk": 1, 
    "model": "form.tokenexistancevalidator", 
    "fields": {
      "lookup_type": "location", 
      "field_name": "code"
    }
  }, 
  {
    "pk": 2, 
    "model": "form.tokenexistancevalidator", 
    "fields": {
      "lookup_type": "role", 
      "field_name": "code"
    }
  }, 
  {
    "pk": 3, 
    "model": "form.tokenexistancevalidator", 
    "fields": {
      "lookup_type": "location", 
      "field_name": "code"
    }
  }, 
  {
    "pk": 4, 
    "model": "form.tokenexistancevalidator", 
    "fields": {
      "lookup_type": "location", 
      "field_name": "code"
    }
  }
]
