[{"pk": 1, "model": "form.app", "fields": {"name": "nigeria"}}, {"pk": 2, "model": "form.app", "fields": {"name": "supply"}}, {"pk": 1, "model": "form.form", "fields": {"form_tokens": [1, 2, 3, 4, 5], "code": 2, "apps": [1], "name": "register"}}, {"pk": 2, "model": "form.form", "fields": {"form_tokens": [1, 6, 7, 8, 9], "code": 8, "apps": [1], "name": "nets"}}, {"pk": 3, "model": "form.form", "fields": {"form_tokens": [1, 10, 11, 12], "code": 13, "apps": [1], "name": "net cards"}}, {"pk": 4, "model": "form.form", "fields": {"form_tokens": [13, 14, 15, 16, 17, 18, 19], "code": 17, "apps": [2], "name": "issue"}}, {"pk": 5, "model": "form.form", "fields": {"form_tokens": [13, 14, 15, 16, 17, 18, 19], "code": 23, "apps": [2], "name": "receive"}}, {"pk": 1, "model": "form.token", "fields": {"abbreviation": "llin", "patterns": [1], "name": "LLIN"}}, {"pk": 2, "model": "form.token", "fields": {"abbreviation": "register", "patterns": [2], "name": "register"}}, {"pk": 3, "model": "form.token", "fields": {"abbreviation": "location", "patterns": [3], "name": "Location"}}, {"pk": 4, "model": "form.token", "fields": {"abbreviation": "role", "patterns": [4], "name": "role"}}, {"pk": 5, "model": "form.token", "fields": {"abbreviation": "firstname", "patterns": [4], "name": "first name"}}, {"pk": 6, "model": "form.token", "fields": {"abbreviation": "secondname", "patterns": [4], "name": "second name"}}, {"pk": 7, "model": "form.token", "fields": {"abbreviation": "thirdname", "patterns": [4], "name": "third name"}}, {"pk": 8, "model": "form.token", "fields": {"abbreviation": "nets", "patterns": [5], "name": "nets"}}, {"pk": 9, "model": "form.token", "fields": {"abbreviation": "distributed", "patterns": [3], "name": "Number of LLIN distributed"}}, {"pk": 10, "model": "form.token", "fields": {"abbreviation": "expected", "patterns": [3], "name": "Expected Balance"}}, {"pk": 11, "model": "form.token", "fields": {"abbreviation": "actual", "patterns": [3], "name": "Actual Balance"}}, {"pk": 12, "model": "form.token", "fields": {"abbreviation": "discrepancy", "patterns": [3], "name": "Discrepancy between LLINs and Net Cards"}}, {"pk": 13, "model": "form.token", "fields": {"abbreviation": "netcards", "patterns": [6, 7], "name": "net cards"}}, {"pk": 14, "model": "form.token", "fields": {"abbreviation": "settlements", "patterns": [3], "name": "Number of Settlements"}}, {"pk": 15, "model": "form.token", "fields": {"abbreviation": "people", "patterns": [3], "name": "Number of People in visited households"}}, {"pk": 16, "model": "form.token", "fields": {"abbreviation": "issued", "patterns": [3], "name": "Number of Net cards issued"}}, {"pk": 17, "model": "form.token", "fields": {"abbreviation": "issue", "patterns": [8], "name": "issue"}}, {"pk": 18, "model": "form.token", "fields": {"abbreviation": "to", "patterns": [9], "name": "to"}}, {"pk": 19, "model": "form.token", "fields": {"abbreviation": "from", "patterns": [10], "name": "from"}}, {"pk": 20, "model": "form.token", "fields": {"abbreviation": "waybill", "patterns": [3], "name": "Waybill number"}}, {"pk": 21, "model": "form.token", "fields": {"abbreviation": "amount", "patterns": [3], "name": "Amount"}}, {"pk": 22, "model": "form.token", "fields": {"abbreviation": "stock", "patterns": [3], "name": "Stock balance"}}, {"pk": 23, "model": "form.token", "fields": {"abbreviation": "receive", "patterns": [11], "name": "receive"}}, {"pk": 24, "model": "form.token", "fields": {"abbreviation": "origin", "patterns": [3], "name": "Origin"}}, {"pk": 25, "model": "form.token", "fields": {"abbreviation": "dest", "patterns": [3], "name": "Destination"}}, {"pk": 1, "model": "form.formtoken", "fields": {"token": 3, "required": false, "sequence": 1}}, {"pk": 2, "model": "form.formtoken", "fields": {"token": 4, "required": false, "sequence": 2}}, {"pk": 3, "model": "form.formtoken", "fields": {"token": 5, "required": false, "sequence": 3}}, {"pk": 4, "model": "form.formtoken", "fields": {"token": 6, "required": false, "sequence": 4}}, {"pk": 5, "model": "form.formtoken", "fields": {"token": 7, "required": false, "sequence": 5}}, {"pk": 6, "model": "form.formtoken", "fields": {"token": 9, "required": false, "sequence": 2}}, {"pk": 7, "model": "form.formtoken", "fields": {"token": 10, "required": false, "sequence": 3}}, {"pk": 8, "model": "form.formtoken", "fields": {"token": 11, "required": false, "sequence": 4}}, {"pk": 9, "model": "form.formtoken", "fields": {"token": 12, "required": false, "sequence": 5}}, {"pk": 10, "model": "form.formtoken", "fields": {"token": 14, "required": false, "sequence": 2}}, {"pk": 11, "model": "form.formtoken", "fields": {"token": 15, "required": false, "sequence": 3}}, {"pk": 12, "model": "form.formtoken", "fields": {"token": 16, "required": false, "sequence": 4}}, {"pk": 13, "model": "form.formtoken", "fields": {"token": 18, "required": false, "sequence": 3}}, {"pk": 14, "model": "form.formtoken", "fields": {"token": 19, "required": false, "sequence": 1}}, {"pk": 15, "model": "form.formtoken", "fields": {"token": 24, "required": false, "sequence": 2}}, {"pk": 16, "model": "form.formtoken", "fields": {"token": 25, "required": false, "sequence": 4}}, {"pk": 17, "model": "form.formtoken", "fields": {"token": 20, "required": false, "sequence": 5}}, {"pk": 18, "model": "form.formtoken", "fields": {"token": 21, "required": false, "sequence": 6}}, {"pk": 19, "model": "form.formtoken", "fields": {"token": 22, "required": false, "sequence": 7}}, {"pk": 1, "model": "form.domainform", "fields": {"form": 1, "sequence": 1}}, {"pk": 2, "model": "form.domainform", "fields": {"form": 2, "sequence": 3}}, {"pk": 3, "model": "form.domainform", "fields": {"form": 3, "sequence": 2}}, {"pk": 4, "model": "form.domainform", "fields": {"form": 4, "sequence": 5}}, {"pk": 5, "model": "form.domainform", "fields": {"form": 5, "sequence": 4}}, {"pk": 1, "model": "form.pattern", "fields": {"regex": "(l[a-z]+)", "name": "llin"}}, {"pk": 2, "model": "form.pattern", "fields": {"regex": "(reg[a-z]+)", "name": "register"}}, {"pk": 3, "model": "form.pattern", "fields": {"regex": "(\\d+)", "name": "numbers"}}, {"pk": 4, "model": "form.pattern", "fields": {"regex": "(\\w+)", "name": "letters"}}, {"pk": 5, "model": "form.pattern", "fields": {"regex": "(n[a-z]+)", "name": "nets"}}, {"pk": 6, "model": "form.pattern", "fields": {"regex": "(n[a-z]+\\s*c[a-z]+)", "name": "net cards"}}, {"pk": 7, "model": "form.pattern", "fields": {"regex": "(netcards)", "name": "netcards"}}, {"pk": 8, "model": "form.pattern", "fields": {"regex": "(i[a-z]+)", "name": "issue"}}, {"pk": 9, "model": "form.pattern", "fields": {"regex": "(t[a-z]+)", "name": "to"}}, {"pk": 10, "model": "form.pattern", "fields": {"regex": "(f[a-z]+)", "name": "from"}}, {"pk": 11, "model": "form.pattern", "fields": {"regex": "(rec[a-z]+)", "name": "receive"}}, {"pk": 1, "model": "form.domain", "fields": {"code": 1, "domain_forms": [1, 2, 3, 4, 5], "name": "LLIN"}}, {"pk": 1, "model": "form.tokenvalidator", "fields": {"token": 3}}, {"pk": 2, "model": "form.tokenvalidator", "fields": {"token": 4}}, {"pk": 3, "model": "form.tokenvalidator", "fields": {"token": 24}}, {"pk": 4, "model": "form.tokenvalidator", "fields": {"token": 25}}, {"pk": 1, "model": "form.tokenexistancevalidator", "fields": {"lookup_type": "location", "field_name": "code"}}, {"pk": 2, "model": "form.tokenexistancevalidator", "fields": {"lookup_type": "role", "field_name": "code"}}, {"pk": 3, "model": "form.tokenexistancevalidator", "fields": {"lookup_type": "location", "field_name": "code"}}, {"pk": 4, "model": "form.tokenexistancevalidator", "fields": {"lookup_type": "location", "field_name": "code"}}]
