[{"pk": 1, "model": "form.app", "fields": {"name": "supply"}}, {"pk": 2, "model": "form.app", "fields": {"name": "nigeria"}}, {"pk": 1, "model": "form.form", "fields": {"form_tokens": [1, 2, 3, 4, 5, 6, 7], "code": 2, "apps": [1, 2], "name": "issue"}}, {"pk": 2, "model": "form.form", "fields": {"form_tokens": [1, 2, 3, 4, 5, 6, 7], "code": 11, "apps": [1, 2], "name": "receive"}}, {"pk": 3, "model": "form.form", "fields": {"form_tokens": [8, 9, 10, 11, 12], "code": 12, "apps": [2], "name": "nets"}}, {"pk": 4, "model": "form.form", "fields": {"form_tokens": [13, 14, 15, 16, 17], "code": 18, "apps": [2], "name": "Net Cards"}}, {"pk": 5, "model": "form.form", "fields": {"form_tokens": [8, 18, 20, 21, 22], "code": 24, "apps": [2], "name": "register"}}, {"pk": 1, "model": "form.token", "fields": {"abbreviation": "LLIN", "patterns": [1], "name": "LLIN"}}, {"pk": 2, "model": "form.token", "fields": {"abbreviation": "issue", "patterns": [2], "name": "issue"}}, {"pk": 3, "model": "form.token", "fields": {"abbreviation": "from", "patterns": [3], "name": "from"}}, {"pk": 4, "model": "form.token", "fields": {"abbreviation": "origin", "patterns": [4], "name": "Origin"}}, {"pk": 5, "model": "form.token", "fields": {"abbreviation": "to", "patterns": [3], "name": "to"}}, {"pk": 6, "model": "form.token", "fields": {"abbreviation": "dest", "patterns": [4], "name": "Destination"}}, {"pk": 7, "model": "form.token", "fields": {"abbreviation": "waybill", "patterns": [4], "name": "Waybill number"}}, {"pk": 8, "model": "form.token", "fields": {"abbreviation": "amount", "patterns": [4], "name": "Amount"}}, {"pk": 9, "model": "form.token", "fields": {"abbreviation": "stock", "patterns": [4], "name": "Stock balance"}}, {"pk": 10, "model": "form.token", "fields": {"abbreviation": "LLIN", "patterns": [1], "name": "LLIN"}}, {"pk": 11, "model": "form.token", "fields": {"abbreviation": "receive", "patterns": [5], "name": "receive"}}, {"pk": 12, "model": "form.token", "fields": {"abbreviation": "nets", "patterns": [3], "name": "nets"}}, {"pk": 13, "model": "form.token", "fields": {"abbreviation": "location", "patterns": [4], "name": "Location"}}, {"pk": 14, "model": "form.token", "fields": {"abbreviation": "distributed", "patterns": [4], "name": "Number of LLIN distributed"}}, {"pk": 15, "model": "form.token", "fields": {"abbreviation": "expected", "patterns": [4], "name": "Expected Balance"}}, {"pk": 16, "model": "form.token", "fields": {"abbreviation": "actual", "patterns": [4], "name": "Actual Balance"}}, {"pk": 17, "model": "form.token", "fields": {"abbreviation": "discrepancy", "patterns": [4], "name": "Discrepancy between LLINs and Net Cards"}}, {"pk": 18, "model": "form.token", "fields": {"abbreviation": "net", "patterns": [3], "name": "net"}}, {"pk": 19, "model": "form.token", "fields": {"abbreviation": "settlements", "patterns": [4], "name": "Number of Settlements"}}, {"pk": 20, "model": "form.token", "fields": {"abbreviation": "people", "patterns": [4], "name": "Number of People in visited households"}}, {"pk": 21, "model": "form.token", "fields": {"abbreviation": "netcards", "patterns": [4], "name": "net cards"}}, {"pk": 23, "model": "form.token", "fields": {"abbreviation": "cards", "patterns": [3], "name": "cards"}}, {"pk": 24, "model": "form.token", "fields": {"abbreviation": "register", "patterns": [3], "name": "register"}}, {"pk": 25, "model": "form.token", "fields": {"abbreviation": "role", "patterns": [3], "name": "role"}}, {"pk": 26, "model": "form.token", "fields": {"abbreviation": "name", "patterns": [6], "name": "name"}}, {"pk": 27, "model": "form.token", "fields": {"abbreviation": "firstname", "patterns": [3], "name": "first name"}}, {"pk": 28, "model": "form.token", "fields": {"abbreviation": "lastname", "patterns": [3], "name": "last name"}}, {"pk": 29, "model": "form.token", "fields": {"abbreviation": "othername", "patterns": [3], "name": "other name"}}, {"pk": 1, "model": "form.formtoken", "fields": {"token": 3, "required": false, "sequence": 1}}, {"pk": 2, "model": "form.formtoken", "fields": {"token": 4, "required": false, "sequence": 2}}, {"pk": 3, "model": "form.formtoken", "fields": {"token": 5, "required": false, "sequence": 3}}, {"pk": 4, "model": "form.formtoken", "fields": {"token": 6, "required": false, "sequence": 4}}, {"pk": 5, "model": "form.formtoken", "fields": {"token": 7, "required": false, "sequence": 5}}, {"pk": 6, "model": "form.formtoken", "fields": {"token": 8, "required": false, "sequence": 6}}, {"pk": 7, "model": "form.formtoken", "fields": {"token": 9, "required": false, "sequence": 7}}, {"pk": 8, "model": "form.formtoken", "fields": {"token": 13, "required": false, "sequence": 1}}, {"pk": 9, "model": "form.formtoken", "fields": {"token": 14, "required": false, "sequence": 2}}, {"pk": 10, "model": "form.formtoken", "fields": {"token": 15, "required": false, "sequence": 3}}, {"pk": 11, "model": "form.formtoken", "fields": {"token": 16, "required": false, "sequence": 4}}, {"pk": 12, "model": "form.formtoken", "fields": {"token": 17, "required": false, "sequence": 5}}, {"pk": 13, "model": "form.formtoken", "fields": {"token": 19, "required": false, "sequence": 3}}, {"pk": 14, "model": "form.formtoken", "fields": {"token": 20, "required": false, "sequence": 4}}, {"pk": 15, "model": "form.formtoken", "fields": {"token": 21, "required": false, "sequence": 5}}, {"pk": 16, "model": "form.formtoken", "fields": {"token": 23, "required": false, "sequence": 1}}, {"pk": 17, "model": "form.formtoken", "fields": {"token": 13, "required": false, "sequence": 2}}, {"pk": 18, "model": "form.formtoken", "fields": {"token": 25, "required": false, "sequence": 2}}, {"pk": 19, "model": "form.formtoken", "fields": {"token": 26, "required": false, "sequence": 3}}, {"pk": 20, "model": "form.formtoken", "fields": {"token": 27, "required": false, "sequence": 3}}, {"pk": 21, "model": "form.formtoken", "fields": {"token": 28, "required": false, "sequence": 4}}, {"pk": 22, "model": "form.formtoken", "fields": {"token": 29, "required": false, "sequence": 5}}, {"pk": 1, "model": "form.pattern", "fields": {"regex": "(l*i*l*i*n+)", "name": "llin"}}, {"pk": 2, "model": "form.pattern", "fields": {"regex": "(i\\w+)", "name": "issue"}}, {"pk": 3, "model": "form.pattern", "fields": {"regex": "(\\w+)", "name": "letters"}}, {"pk": 4, "model": "form.pattern", "fields": {"regex": "(\\d+)", "name": "numbers"}}, {"pk": 5, "model": "form.pattern", "fields": {"regex": "(r\\w+)", "name": "receive"}}, {"pk": 6, "model": "form.pattern", "fields": {"regex": "(\\D+)", "name": "many words"}}, {"pk": 1, "model": "form.domain", "fields": {"forms": [1, 2, 3, 4, 5], "code": 10, "name": "LLIN"}}, {"pk": 1, "model": "form.formentry", "fields": {"date": "2009-04-27 13:49:14", "domain": 1, "form": 3, "reporter": null}}, {"pk": 2, "model": "form.formentry", "fields": {"date": "2009-04-27 13:51:59", "domain": 1, "form": 3, "reporter": null}}, {"pk": 3, "model": "form.formentry", "fields": {"date": "2009-04-27 14:11:22", "domain": 1, "form": 4, "reporter": null}}, {"pk": 4, "model": "form.formentry", "fields": {"date": "2009-04-27 14:12:15", "domain": 1, "form": 4, "reporter": null}}, {"pk": 5, "model": "form.formentry", "fields": {"date": "2009-04-27 14:13:43", "domain": 1, "form": 4, "reporter": null}}, {"pk": 6, "model": "form.formentry", "fields": {"date": "2009-04-27 14:13:43", "domain": 1, "form": 3, "reporter": null}}, {"pk": 7, "model": "form.formentry", "fields": {"date": "2009-04-27 14:13:43", "domain": 1, "form": 4, "reporter": null}}, {"pk": 8, "model": "form.formentry", "fields": {"date": "2009-04-27 14:17:30", "domain": 1, "form": 4, "reporter": null}}, {"pk": 9, "model": "form.formentry", "fields": {"date": "2009-04-27 14:18:32", "domain": 1, "form": 4, "reporter": null}}, {"pk": 10, "model": "form.formentry", "fields": {"date": "2009-04-27 14:19:13", "domain": 1, "form": 4, "reporter": null}}, {"pk": 11, "model": "form.formentry", "fields": {"date": "2009-04-27 14:19:51", "domain": 1, "form": 4, "reporter": null}}, {"pk": 12, "model": "form.formentry", "fields": {"date": "2009-04-27 14:20:53", "domain": 1, "form": 4, "reporter": null}}, {"pk": 13, "model": "form.formentry", "fields": {"date": "2009-04-27 14:22:05", "domain": 1, "form": 4, "reporter": null}}, {"pk": 14, "model": "form.formentry", "fields": {"date": "2009-04-27 14:25:44", "domain": 1, "form": 4, "reporter": null}}, {"pk": 15, "model": "form.formentry", "fields": {"date": "2009-04-27 14:25:44", "domain": 1, "form": 4, "reporter": null}}, {"pk": 16, "model": "form.formentry", "fields": {"date": "2009-04-27 14:28:16", "domain": 1, "form": 4, "reporter": null}}, {"pk": 17, "model": "form.formentry", "fields": {"date": "2009-04-27 14:28:16", "domain": 1, "form": 3, "reporter": null}}, {"pk": 18, "model": "form.formentry", "fields": {"date": "2009-04-27 15:14:19", "domain": 1, "form": 4, "reporter": null}}, {"pk": 19, "model": "form.formentry", "fields": {"date": "2009-04-27 15:16:20", "domain": 1, "form": 4, "reporter": null}}, {"pk": 20, "model": "form.formentry", "fields": {"date": "2009-04-27 15:17:44", "domain": 1, "form": 4, "reporter": null}}, {"pk": 21, "model": "form.formentry", "fields": {"date": "2009-04-27 15:18:41", "domain": 1, "form": 4, "reporter": null}}, {"pk": 22, "model": "form.formentry", "fields": {"date": "2009-04-27 15:19:39", "domain": 1, "form": 4, "reporter": null}}, {"pk": 23, "model": "form.formentry", "fields": {"date": "2009-04-27 17:03:27", "domain": 1, "form": 1, "reporter": null}}, {"pk": 24, "model": "form.formentry", "fields": {"date": "2009-04-27 17:04:59", "domain": 1, "form": 1, "reporter": null}}, {"pk": 25, "model": "form.formentry", "fields": {"date": "2009-04-27 17:07:20", "domain": 1, "form": 1, "reporter": null}}, {"pk": 26, "model": "form.formentry", "fields": {"date": "2009-04-27 17:44:23", "domain": 1, "form": 4, "reporter": null}}, {"pk": 27, "model": "form.formentry", "fields": {"date": "2009-04-27 17:45:21", "domain": 1, "form": 4, "reporter": null}}, {"pk": 28, "model": "form.formentry", "fields": {"date": "2009-04-27 17:51:07", "domain": 1, "form": 1, "reporter": null}}, {"pk": 29, "model": "form.formentry", "fields": {"date": "2009-04-27 17:51:07", "domain": 1, "form": 2, "reporter": null}}, {"pk": 30, "model": "form.formentry", "fields": {"date": "2009-04-27 17:51:07", "domain": 1, "form": 3, "reporter": null}}, {"pk": 31, "model": "form.formentry", "fields": {"date": "2009-04-27 17:51:07", "domain": 1, "form": 3, "reporter": null}}, {"pk": 32, "model": "form.formentry", "fields": {"date": "2009-04-27 18:00:53", "domain": 1, "form": 5, "reporter": null}}, {"pk": 33, "model": "form.formentry", "fields": {"date": "2009-04-29 09:52:11", "domain": 1, "form": 5, "reporter": null}}, {"pk": 34, "model": "form.formentry", "fields": {"date": "2009-04-29 09:52:11", "domain": 1, "form": 5, "reporter": null}}, {"pk": 35, "model": "form.formentry", "fields": {"date": "2009-04-29 09:54:56", "domain": 1, "form": 5, "reporter": null}}, {"pk": 36, "model": "form.formentry", "fields": {"date": "2009-04-29 09:54:56", "domain": 1, "form": 5, "reporter": null}}, {"pk": 37, "model": "form.formentry", "fields": {"date": "2009-04-29 09:58:53", "domain": 1, "form": 5, "reporter": null}}, {"pk": 38, "model": "form.formentry", "fields": {"date": "2009-04-29 10:02:08", "domain": 1, "form": 5, "reporter": null}}, {"pk": 39, "model": "form.formentry", "fields": {"date": "2009-04-29 10:20:09", "domain": 1, "form": 5, "reporter": null}}, {"pk": 40, "model": "form.formentry", "fields": {"date": "2009-04-29 10:22:02", "domain": 1, "form": 5, "reporter": null}}, {"pk": 41, "model": "form.formentry", "fields": {"date": "2009-04-29 10:23:34", "domain": 1, "form": 5, "reporter": null}}, {"pk": 42, "model": "form.formentry", "fields": {"date": "2009-04-29 10:24:22", "domain": 1, "form": 5, "reporter": null}}, {"pk": 43, "model": "form.formentry", "fields": {"date": "2009-04-29 10:24:22", "domain": 1, "form": 5, "reporter": null}}, {"pk": 44, "model": "form.formentry", "fields": {"date": "2009-04-29 10:24:22", "domain": 1, "form": 5, "reporter": null}}, {"pk": 45, "model": "form.formentry", "fields": {"date": "2009-04-29 10:27:39", "domain": 1, "form": 5, "reporter": null}}, {"pk": 1, "model": "form.tokenentry", "fields": {"token": 13, "data": "2011", "form_entry": 1}}, {"pk": 2, "model": "form.tokenentry", "fields": {"token": 14, "data": "23", "form_entry": 1}}, {"pk": 3, "model": "form.tokenentry", "fields": {"token": 15, "data": "54", "form_entry": 1}}, {"pk": 4, "model": "form.tokenentry", "fields": {"token": 16, "data": "3", "form_entry": 1}}, {"pk": 5, "model": "form.tokenentry", "fields": {"token": 17, "data": "4", "form_entry": 1}}, {"pk": 6, "model": "form.tokenentry", "fields": {"token": 13, "data": "2011", "form_entry": 2}}, {"pk": 7, "model": "form.tokenentry", "fields": {"token": 14, "data": "23", "form_entry": 2}}, {"pk": 8, "model": "form.tokenentry", "fields": {"token": 15, "data": "54", "form_entry": 2}}, {"pk": 9, "model": "form.tokenentry", "fields": {"token": 16, "data": "3", "form_entry": 2}}, {"pk": 10, "model": "form.tokenentry", "fields": {"token": 17, "data": "4", "form_entry": 2}}, {"pk": 11, "model": "form.tokenentry", "fields": {"token": 13, "data": "cards", "form_entry": 3}}, {"pk": 12, "model": "form.tokenentry", "fields": {"token": 19, "data": "2011", "form_entry": 3}}, {"pk": 13, "model": "form.tokenentry", "fields": {"token": 20, "data": "23", "form_entry": 3}}, {"pk": 14, "model": "form.tokenentry", "fields": {"token": 21, "data": "54", "form_entry": 3}}, {"pk": 15, "model": "form.tokenentry", "fields": {"token": 13, "data": "cards", "form_entry": 4}}, {"pk": 16, "model": "form.tokenentry", "fields": {"token": 19, "data": "2011", "form_entry": 4}}, {"pk": 17, "model": "form.tokenentry", "fields": {"token": 20, "data": "23", "form_entry": 4}}, {"pk": 18, "model": "form.tokenentry", "fields": {"token": 21, "data": "54", "form_entry": 4}}, {"pk": 19, "model": "form.tokenentry", "fields": {"token": 13, "data": "cards", "form_entry": 5}}, {"pk": 20, "model": "form.tokenentry", "fields": {"token": 19, "data": "2011", "form_entry": 5}}, {"pk": 21, "model": "form.tokenentry", "fields": {"token": 20, "data": "23", "form_entry": 5}}, {"pk": 22, "model": "form.tokenentry", "fields": {"token": 21, "data": "54", "form_entry": 5}}, {"pk": 23, "model": "form.tokenentry", "fields": {"token": 13, "data": "2011", "form_entry": 6}}, {"pk": 24, "model": "form.tokenentry", "fields": {"token": 14, "data": "23", "form_entry": 6}}, {"pk": 25, "model": "form.tokenentry", "fields": {"token": 15, "data": "54", "form_entry": 6}}, {"pk": 26, "model": "form.tokenentry", "fields": {"token": 16, "data": "3", "form_entry": 6}}, {"pk": 27, "model": "form.tokenentry", "fields": {"token": 17, "data": "4", "form_entry": 6}}, {"pk": 28, "model": "form.tokenentry", "fields": {"token": 13, "data": "cards", "form_entry": 7}}, {"pk": 29, "model": "form.tokenentry", "fields": {"token": 19, "data": "2011", "form_entry": 7}}, {"pk": 30, "model": "form.tokenentry", "fields": {"token": 20, "data": "23", "form_entry": 7}}, {"pk": 31, "model": "form.tokenentry", "fields": {"token": 21, "data": "54", "form_entry": 7}}, {"pk": 32, "model": "form.tokenentry", "fields": {"token": 13, "data": "cards", "form_entry": 8}}, {"pk": 33, "model": "form.tokenentry", "fields": {"token": 19, "data": "2011", "form_entry": 8}}, {"pk": 34, "model": "form.tokenentry", "fields": {"token": 20, "data": "23", "form_entry": 8}}, {"pk": 35, "model": "form.tokenentry", "fields": {"token": 21, "data": "54", "form_entry": 8}}, {"pk": 36, "model": "form.tokenentry", "fields": {"token": 13, "data": "cards", "form_entry": 9}}, {"pk": 37, "model": "form.tokenentry", "fields": {"token": 19, "data": "2011", "form_entry": 9}}, {"pk": 38, "model": "form.tokenentry", "fields": {"token": 20, "data": "23", "form_entry": 9}}, {"pk": 39, "model": "form.tokenentry", "fields": {"token": 21, "data": "54", "form_entry": 9}}, {"pk": 40, "model": "form.tokenentry", "fields": {"token": 13, "data": "cards", "form_entry": 10}}, {"pk": 41, "model": "form.tokenentry", "fields": {"token": 19, "data": "2011", "form_entry": 10}}, {"pk": 42, "model": "form.tokenentry", "fields": {"token": 20, "data": "23", "form_entry": 10}}, {"pk": 43, "model": "form.tokenentry", "fields": {"token": 21, "data": "54", "form_entry": 10}}, {"pk": 44, "model": "form.tokenentry", "fields": {"token": 13, "data": "cards", "form_entry": 11}}, {"pk": 45, "model": "form.tokenentry", "fields": {"token": 19, "data": "2011", "form_entry": 11}}, {"pk": 46, "model": "form.tokenentry", "fields": {"token": 20, "data": "23", "form_entry": 11}}, {"pk": 47, "model": "form.tokenentry", "fields": {"token": 21, "data": "54", "form_entry": 11}}, {"pk": 48, "model": "form.tokenentry", "fields": {"token": 13, "data": "cards", "form_entry": 12}}, {"pk": 49, "model": "form.tokenentry", "fields": {"token": 19, "data": "2011", "form_entry": 12}}, {"pk": 50, "model": "form.tokenentry", "fields": {"token": 20, "data": "23", "form_entry": 12}}, {"pk": 51, "model": "form.tokenentry", "fields": {"token": 21, "data": "54", "form_entry": 12}}, {"pk": 52, "model": "form.tokenentry", "fields": {"token": 13, "data": "cards", "form_entry": 13}}, {"pk": 53, "model": "form.tokenentry", "fields": {"token": 19, "data": "2011", "form_entry": 13}}, {"pk": 54, "model": "form.tokenentry", "fields": {"token": 20, "data": "23", "form_entry": 13}}, {"pk": 55, "model": "form.tokenentry", "fields": {"token": 21, "data": "54", "form_entry": 13}}, {"pk": 56, "model": "form.tokenentry", "fields": {"token": 13, "data": "cards", "form_entry": 14}}, {"pk": 57, "model": "form.tokenentry", "fields": {"token": 19, "data": "2011", "form_entry": 14}}, {"pk": 58, "model": "form.tokenentry", "fields": {"token": 20, "data": "23", "form_entry": 14}}, {"pk": 59, "model": "form.tokenentry", "fields": {"token": 21, "data": "54", "form_entry": 14}}, {"pk": 60, "model": "form.tokenentry", "fields": {"token": 13, "data": "cards", "form_entry": 15}}, {"pk": 61, "model": "form.tokenentry", "fields": {"token": 19, "data": "2011", "form_entry": 15}}, {"pk": 62, "model": "form.tokenentry", "fields": {"token": 20, "data": "23", "form_entry": 15}}, {"pk": 63, "model": "form.tokenentry", "fields": {"token": 21, "data": "54", "form_entry": 15}}, {"pk": 64, "model": "form.tokenentry", "fields": {"token": 13, "data": "cards", "form_entry": 16}}, {"pk": 65, "model": "form.tokenentry", "fields": {"token": 19, "data": "2011", "form_entry": 16}}, {"pk": 66, "model": "form.tokenentry", "fields": {"token": 20, "data": "23", "form_entry": 16}}, {"pk": 67, "model": "form.tokenentry", "fields": {"token": 21, "data": "54", "form_entry": 16}}, {"pk": 68, "model": "form.tokenentry", "fields": {"token": 13, "data": "2005", "form_entry": 17}}, {"pk": 69, "model": "form.tokenentry", "fields": {"token": 14, "data": "23", "form_entry": 17}}, {"pk": 70, "model": "form.tokenentry", "fields": {"token": 15, "data": "54", "form_entry": 17}}, {"pk": 71, "model": "form.tokenentry", "fields": {"token": 16, "data": "3", "form_entry": 17}}, {"pk": 72, "model": "form.tokenentry", "fields": {"token": 17, "data": "3", "form_entry": 17}}, {"pk": 73, "model": "form.tokenentry", "fields": {"token": 13, "data": "", "form_entry": 18}}, {"pk": 74, "model": "form.tokenentry", "fields": {"token": 19, "data": "", "form_entry": 18}}, {"pk": 75, "model": "form.tokenentry", "fields": {"token": 20, "data": "", "form_entry": 18}}, {"pk": 76, "model": "form.tokenentry", "fields": {"token": 21, "data": "", "form_entry": 18}}, {"pk": 77, "model": "form.tokenentry", "fields": {"token": 13, "data": "", "form_entry": 19}}, {"pk": 78, "model": "form.tokenentry", "fields": {"token": 19, "data": "", "form_entry": 19}}, {"pk": 79, "model": "form.tokenentry", "fields": {"token": 20, "data": "", "form_entry": 19}}, {"pk": 80, "model": "form.tokenentry", "fields": {"token": 21, "data": "", "form_entry": 19}}, {"pk": 81, "model": "form.tokenentry", "fields": {"token": 13, "data": "", "form_entry": 20}}, {"pk": 82, "model": "form.tokenentry", "fields": {"token": 19, "data": "", "form_entry": 20}}, {"pk": 83, "model": "form.tokenentry", "fields": {"token": 20, "data": "", "form_entry": 20}}, {"pk": 84, "model": "form.tokenentry", "fields": {"token": 21, "data": "", "form_entry": 20}}, {"pk": 85, "model": "form.tokenentry", "fields": {"token": 13, "data": "", "form_entry": 21}}, {"pk": 86, "model": "form.tokenentry", "fields": {"token": 19, "data": "", "form_entry": 21}}, {"pk": 87, "model": "form.tokenentry", "fields": {"token": 20, "data": "", "form_entry": 21}}, {"pk": 88, "model": "form.tokenentry", "fields": {"token": 21, "data": "", "form_entry": 21}}, {"pk": 89, "model": "form.tokenentry", "fields": {"token": 13, "data": "", "form_entry": 22}}, {"pk": 90, "model": "form.tokenentry", "fields": {"token": 19, "data": "", "form_entry": 22}}, {"pk": 91, "model": "form.tokenentry", "fields": {"token": 20, "data": "", "form_entry": 22}}, {"pk": 92, "model": "form.tokenentry", "fields": {"token": 21, "data": "", "form_entry": 22}}, {"pk": 93, "model": "form.tokenentry", "fields": {"token": 3, "data": "from", "form_entry": 23}}, {"pk": 94, "model": "form.tokenentry", "fields": {"token": 4, "data": "2006", "form_entry": 23}}, {"pk": 95, "model": "form.tokenentry", "fields": {"token": 5, "data": "to", "form_entry": 23}}, {"pk": 96, "model": "form.tokenentry", "fields": {"token": 6, "data": "2006031", "form_entry": 23}}, {"pk": 97, "model": "form.tokenentry", "fields": {"token": 7, "data": "10436", "form_entry": 23}}, {"pk": 98, "model": "form.tokenentry", "fields": {"token": 8, "data": "20", "form_entry": 23}}, {"pk": 99, "model": "form.tokenentry", "fields": {"token": 9, "data": "768", "form_entry": 23}}, {"pk": 100, "model": "form.tokenentry", "fields": {"token": 3, "data": "from", "form_entry": 24}}, {"pk": 101, "model": "form.tokenentry", "fields": {"token": 4, "data": "2006", "form_entry": 24}}, {"pk": 102, "model": "form.tokenentry", "fields": {"token": 5, "data": "to", "form_entry": 24}}, {"pk": 103, "model": "form.tokenentry", "fields": {"token": 6, "data": "2006031", "form_entry": 24}}, {"pk": 104, "model": "form.tokenentry", "fields": {"token": 7, "data": "10436", "form_entry": 24}}, {"pk": 105, "model": "form.tokenentry", "fields": {"token": 8, "data": "20", "form_entry": 24}}, {"pk": 106, "model": "form.tokenentry", "fields": {"token": 9, "data": "768", "form_entry": 24}}, {"pk": 107, "model": "form.tokenentry", "fields": {"token": 3, "data": "from", "form_entry": 25}}, {"pk": 108, "model": "form.tokenentry", "fields": {"token": 4, "data": "2006", "form_entry": 25}}, {"pk": 109, "model": "form.tokenentry", "fields": {"token": 5, "data": "to", "form_entry": 25}}, {"pk": 110, "model": "form.tokenentry", "fields": {"token": 6, "data": "2006031", "form_entry": 25}}, {"pk": 111, "model": "form.tokenentry", "fields": {"token": 7, "data": "10446", "form_entry": 25}}, {"pk": 112, "model": "form.tokenentry", "fields": {"token": 8, "data": "20", "form_entry": 25}}, {"pk": 113, "model": "form.tokenentry", "fields": {"token": 9, "data": "768", "form_entry": 25}}, {"pk": 114, "model": "form.tokenentry", "fields": {"token": 23, "data": "cards", "form_entry": 26}}, {"pk": 115, "model": "form.tokenentry", "fields": {"token": 13, "data": "2005", "form_entry": 26}}, {"pk": 116, "model": "form.tokenentry", "fields": {"token": 19, "data": "23", "form_entry": 26}}, {"pk": 117, "model": "form.tokenentry", "fields": {"token": 20, "data": "54", "form_entry": 26}}, {"pk": 118, "model": "form.tokenentry", "fields": {"token": 21, "data": "3", "form_entry": 26}}, {"pk": 119, "model": "form.tokenentry", "fields": {"token": 23, "data": "cards", "form_entry": 27}}, {"pk": 120, "model": "form.tokenentry", "fields": {"token": 13, "data": "2005", "form_entry": 27}}, {"pk": 121, "model": "form.tokenentry", "fields": {"token": 19, "data": "23", "form_entry": 27}}, {"pk": 122, "model": "form.tokenentry", "fields": {"token": 20, "data": "54", "form_entry": 27}}, {"pk": 123, "model": "form.tokenentry", "fields": {"token": 21, "data": "3", "form_entry": 27}}, {"pk": 124, "model": "form.tokenentry", "fields": {"token": 3, "data": "from", "form_entry": 28}}, {"pk": 125, "model": "form.tokenentry", "fields": {"token": 4, "data": "2006", "form_entry": 28}}, {"pk": 126, "model": "form.tokenentry", "fields": {"token": 5, "data": "to", "form_entry": 28}}, {"pk": 127, "model": "form.tokenentry", "fields": {"token": 6, "data": "2006031", "form_entry": 28}}, {"pk": 128, "model": "form.tokenentry", "fields": {"token": 7, "data": "10446", "form_entry": 28}}, {"pk": 129, "model": "form.tokenentry", "fields": {"token": 8, "data": "20", "form_entry": 28}}, {"pk": 130, "model": "form.tokenentry", "fields": {"token": 9, "data": "768", "form_entry": 28}}, {"pk": 131, "model": "form.tokenentry", "fields": {"token": 3, "data": "from", "form_entry": 29}}, {"pk": 132, "model": "form.tokenentry", "fields": {"token": 4, "data": "2006", "form_entry": 29}}, {"pk": 133, "model": "form.tokenentry", "fields": {"token": 5, "data": "to", "form_entry": 29}}, {"pk": 134, "model": "form.tokenentry", "fields": {"token": 6, "data": "2006031", "form_entry": 29}}, {"pk": 135, "model": "form.tokenentry", "fields": {"token": 7, "data": "10446", "form_entry": 29}}, {"pk": 136, "model": "form.tokenentry", "fields": {"token": 8, "data": "20", "form_entry": 29}}, {"pk": 137, "model": "form.tokenentry", "fields": {"token": 9, "data": "968", "form_entry": 29}}, {"pk": 138, "model": "form.tokenentry", "fields": {"token": 13, "data": "339", "form_entry": 30}}, {"pk": 139, "model": "form.tokenentry", "fields": {"token": 14, "data": "23", "form_entry": 30}}, {"pk": 140, "model": "form.tokenentry", "fields": {"token": 15, "data": "54", "form_entry": 30}}, {"pk": 141, "model": "form.tokenentry", "fields": {"token": 16, "data": "3", "form_entry": 30}}, {"pk": 142, "model": "form.tokenentry", "fields": {"token": 17, "data": "", "form_entry": 30}}, {"pk": 143, "model": "form.tokenentry", "fields": {"token": 13, "data": "2005", "form_entry": 31}}, {"pk": 144, "model": "form.tokenentry", "fields": {"token": 14, "data": "23", "form_entry": 31}}, {"pk": 145, "model": "form.tokenentry", "fields": {"token": 15, "data": "54", "form_entry": 31}}, {"pk": 146, "model": "form.tokenentry", "fields": {"token": 16, "data": "3", "form_entry": 31}}, {"pk": 147, "model": "form.tokenentry", "fields": {"token": 17, "data": "3", "form_entry": 31}}, {"pk": 148, "model": "form.tokenentry", "fields": {"token": 13, "data": "2005", "form_entry": 32}}, {"pk": 149, "model": "form.tokenentry", "fields": {"token": 25, "data": "sm", "form_entry": 32}}, {"pk": 150, "model": "form.tokenentry", "fields": {"token": 26, "data": "ewheeler", "form_entry": 32}}, {"pk": 151, "model": "form.tokenentry", "fields": {"token": 13, "data": "2026", "form_entry": 33}}, {"pk": 152, "model": "form.tokenentry", "fields": {"token": 25, "data": "sm", "form_entry": 33}}, {"pk": 153, "model": "form.tokenentry", "fields": {"token": 26, "data": "one", "form_entry": 33}}, {"pk": 154, "model": "form.tokenentry", "fields": {"token": 13, "data": "2029", "form_entry": 34}}, {"pk": 155, "model": "form.tokenentry", "fields": {"token": 25, "data": "sm", "form_entry": 34}}, {"pk": 156, "model": "form.tokenentry", "fields": {"token": 26, "data": "two", "form_entry": 34}}, {"pk": 157, "model": "form.tokenentry", "fields": {"token": 13, "data": "2026", "form_entry": 35}}, {"pk": 158, "model": "form.tokenentry", "fields": {"token": 25, "data": "sm", "form_entry": 35}}, {"pk": 159, "model": "form.tokenentry", "fields": {"token": 26, "data": "mister", "form_entry": 35}}, {"pk": 160, "model": "form.tokenentry", "fields": {"token": 13, "data": "2029", "form_entry": 36}}, {"pk": 161, "model": "form.tokenentry", "fields": {"token": 25, "data": "sm", "form_entry": 36}}, {"pk": 162, "model": "form.tokenentry", "fields": {"token": 26, "data": "mister", "form_entry": 36}}, {"pk": 163, "model": "form.tokenentry", "fields": {"token": 13, "data": "2026", "form_entry": 37}}, {"pk": 164, "model": "form.tokenentry", "fields": {"token": 25, "data": "sm", "form_entry": 37}}, {"pk": 165, "model": "form.tokenentry", "fields": {"token": 26, "data": "mister", "form_entry": 37}}, {"pk": 166, "model": "form.tokenentry", "fields": {"token": 13, "data": "2026", "form_entry": 38}}, {"pk": 167, "model": "form.tokenentry", "fields": {"token": 25, "data": "sm", "form_entry": 38}}, {"pk": 168, "model": "form.tokenentry", "fields": {"token": 26, "data": "mister", "form_entry": 38}}, {"pk": 169, "model": "form.tokenentry", "fields": {"token": 13, "data": "2026", "form_entry": 39}}, {"pk": 170, "model": "form.tokenentry", "fields": {"token": 25, "data": "sm", "form_entry": 39}}, {"pk": 171, "model": "form.tokenentry", "fields": {"token": 27, "data": "mister", "form_entry": 39}}, {"pk": 172, "model": "form.tokenentry", "fields": {"token": 28, "data": "one", "form_entry": 39}}, {"pk": 173, "model": "form.tokenentry", "fields": {"token": 13, "data": "2026", "form_entry": 40}}, {"pk": 174, "model": "form.tokenentry", "fields": {"token": 25, "data": "sm", "form_entry": 40}}, {"pk": 175, "model": "form.tokenentry", "fields": {"token": 27, "data": "mister", "form_entry": 40}}, {"pk": 176, "model": "form.tokenentry", "fields": {"token": 28, "data": "one", "form_entry": 40}}, {"pk": 177, "model": "form.tokenentry", "fields": {"token": 13, "data": "2026", "form_entry": 41}}, {"pk": 178, "model": "form.tokenentry", "fields": {"token": 25, "data": "sm", "form_entry": 41}}, {"pk": 179, "model": "form.tokenentry", "fields": {"token": 27, "data": "mister", "form_entry": 41}}, {"pk": 180, "model": "form.tokenentry", "fields": {"token": 28, "data": "one", "form_entry": 41}}, {"pk": 181, "model": "form.tokenentry", "fields": {"token": 13, "data": "2026", "form_entry": 42}}, {"pk": 182, "model": "form.tokenentry", "fields": {"token": 25, "data": "sm", "form_entry": 42}}, {"pk": 183, "model": "form.tokenentry", "fields": {"token": 27, "data": "mister", "form_entry": 42}}, {"pk": 184, "model": "form.tokenentry", "fields": {"token": 28, "data": "one", "form_entry": 42}}, {"pk": 185, "model": "form.tokenentry", "fields": {"token": 13, "data": "2028", "form_entry": 43}}, {"pk": 186, "model": "form.tokenentry", "fields": {"token": 25, "data": "sm", "form_entry": 43}}, {"pk": 187, "model": "form.tokenentry", "fields": {"token": 27, "data": "mister", "form_entry": 43}}, {"pk": 188, "model": "form.tokenentry", "fields": {"token": 28, "data": "two", "form_entry": 43}}, {"pk": 189, "model": "form.tokenentry", "fields": {"token": 13, "data": "2017", "form_entry": 44}}, {"pk": 190, "model": "form.tokenentry", "fields": {"token": 25, "data": "sm", "form_entry": 44}}, {"pk": 191, "model": "form.tokenentry", "fields": {"token": 27, "data": "cory", "form_entry": 44}}, {"pk": 192, "model": "form.tokenentry", "fields": {"token": 28, "data": "", "form_entry": 44}}, {"pk": 193, "model": "form.tokenentry", "fields": {"token": 13, "data": "2022", "form_entry": 45}}, {"pk": 194, "model": "form.tokenentry", "fields": {"token": 25, "data": "sm", "form_entry": 45}}, {"pk": 195, "model": "form.tokenentry", "fields": {"token": 27, "data": "mister", "form_entry": 45}}, {"pk": 196, "model": "form.tokenentry", "fields": {"token": 28, "data": "three", "form_entry": 45}}, {"pk": 197, "model": "form.tokenentry", "fields": {"token": 29, "data": "names", "form_entry": 45}}, {"pk": 1, "model": "form.tokenvalidator", "fields": {"token": 13}}, {"pk": 2, "model": "form.tokenvalidator", "fields": {"token": 25}}, {"pk": 1, "model": "form.tokenexistancevalidator", "fields": {"lookup_type": "location", "field_name": "code"}}, {"pk": 2, "model": "form.tokenexistancevalidator", "fields": {"lookup_type": "role", "field_name": "code"}}]
