[{"pk": 1, "model": "form.app", "fields": {"name": "supply"}}, {"pk": 2, "model": "form.app", "fields": {"name": "nigeria"}}, {"pk": 1, "model": "form.form", "fields": {"tokens": [1, 2, 3, 22, 23], "apps": [2], "type": "net"}}, {"pk": 2, "model": "form.form", "fields": {"tokens": [5, 6, 7, 8, 21], "apps": [2], "type": "nets"}}, {"pk": 3, "model": "form.form", "fields": {"tokens": [9, 10, 11, 12, 13, 15, 16], "apps": [1, 2], "type": "issue"}}, {"pk": 4, "model": "form.form", "fields": {"tokens": [9, 10, 12, 13, 14, 15, 16], "apps": [1, 2], "type": "receive"}}, {"pk": 5, "model": "form.form", "fields": {"tokens": [17, 18, 20], "apps": [2], "type": "register"}}, {"pk": 1, "model": "form.token", "fields": {"abbreviation": "villages", "regex": "(\\d+)", "name": "Number of Villages", "sequence": 3}}, {"pk": 2, "model": "form.token", "fields": {"abbreviation": "people", "regex": "(\\d+)", "name": "Number of People in visited households", "sequence": 4}}, {"pk": 3, "model": "form.token", "fields": {"abbreviation": "coupons", "regex": "(\\d+)", "name": "Number of Coupons issued", "sequence": 5}}, {"pk": 4, "model": "form.token", "fields": {"abbreviation": "revisit", "regex": "(\\d+)", "name": "Number of households marked for revisit", "sequence": 6}}, {"pk": 5, "model": "form.token", "fields": {"abbreviation": "distributed", "regex": "(\\d+)", "name": "Number of LLIN distributed", "sequence": 2}}, {"pk": 6, "model": "form.token", "fields": {"abbreviation": "expected", "regex": "(\\d+)", "name": "Expected Balance", "sequence": 3}}, {"pk": 7, "model": "form.token", "fields": {"abbreviation": "actual", "regex": "(\\d+)", "name": "Actual Balance", "sequence": 4}}, {"pk": 8, "model": "form.token", "fields": {"abbreviation": "discrepancy", "regex": "(\\d+)", "name": "Discrepancy between expected and actual", "sequence": 5}}, {"pk": 9, "model": "form.token", "fields": {"abbreviation": "dest", "regex": "(\\d+)", "name": "Destination", "sequence": 4}}, {"pk": 10, "model": "form.token", "fields": {"abbreviation": "waybill", "regex": "(\\d+)", "name": "Waybill number", "sequence": 5}}, {"pk": 11, "model": "form.token", "fields": {"abbreviation": "sent", "regex": "(\\d+)", "name": "Number of bales sent", "sequence": 6}}, {"pk": 12, "model": "form.token", "fields": {"abbreviation": "stock", "regex": "(\\d+)", "name": "Stock balance (in bales)", "sequence": 7}}, {"pk": 13, "model": "form.token", "fields": {"abbreviation": "origin", "regex": "(\\d+)", "name": "Origin", "sequence": 2}}, {"pk": 14, "model": "form.token", "fields": {"abbreviation": "received", "regex": "(\\d+)", "name": "Number of bales received", "sequence": 6}}, {"pk": 15, "model": "form.token", "fields": {"abbreviation": "to", "regex": "(\\w+)", "name": "to", "sequence": 3}}, {"pk": 16, "model": "form.token", "fields": {"abbreviation": "from", "regex": "(\\w+)", "name": "from", "sequence": 1}}, {"pk": 17, "model": "form.token", "fields": {"abbreviation": "location", "regex": "(\\d{2,8})", "name": "Location of Registered Reporter", "sequence": 1}}, {"pk": 18, "model": "form.token", "fields": {"abbreviation": "role", "regex": "([a-z]+)", "name": "Role of Registered Reporter", "sequence": 2}}, {"pk": 19, "model": "form.token", "fields": {"abbreviation": "password", "regex": "(\\w+)", "name": "Password of Reigsted User", "sequence": 4}}, {"pk": 20, "model": "form.token", "fields": {"abbreviation": "name", "regex": "(.+)", "name": "Name of Registered Reporter", "sequence": 3}}, {"pk": 21, "model": "form.token", "fields": {"abbreviation": "netloc", "regex": "(\\d+)", "name": "Net Location", "sequence": 1}}, {"pk": 22, "model": "form.token", "fields": {"abbreviation": "cardloc", "regex": "(\\d+)", "name": "Net Card Location", "sequence": 2}}, {"pk": 23, "model": "form.token", "fields": {"abbreviation": "card", "regex": "(\\w+)", "name": "Card", "sequence": 1}}, {"pk": 1, "model": "form.domain", "fields": {"forms": [1, 2, 3, 4, 5], "code": "LLIN", "name": "Long Lasting Insecticide Nets"}}, {"pk": 1, "model": "form.formentry", "fields": {"date": "2009-04-20 23:24:13", "domain": 1, "form": 4, "reporter": null}}, {"pk": 2, "model": "form.formentry", "fields": {"date": "2009-04-21 13:18:44", "domain": 1, "form": 5, "reporter": null}}, {"pk": 3, "model": "form.formentry", "fields": {"date": "2009-04-21 13:18:56", "domain": 1, "form": 3, "reporter": null}}, {"pk": 4, "model": "form.formentry", "fields": {"date": "2009-04-21 13:21:18", "domain": 1, "form": 3, "reporter": null}}, {"pk": 5, "model": "form.formentry", "fields": {"date": "2009-04-21 13:21:45", "domain": 1, "form": 4, "reporter": null}}, {"pk": 1, "model": "form.tokenentry", "fields": {"token": 16, "data": "from", "form_entry": 1}}, {"pk": 2, "model": "form.tokenentry", "fields": {"token": 13, "data": "20", "form_entry": 1}}, {"pk": 3, "model": "form.tokenentry", "fields": {"token": 15, "data": "to", "form_entry": 1}}, {"pk": 4, "model": "form.tokenentry", "fields": {"token": 9, "data": "2027", "form_entry": 1}}, {"pk": 5, "model": "form.tokenentry", "fields": {"token": 10, "data": "11111", "form_entry": 1}}, {"pk": 6, "model": "form.tokenentry", "fields": {"token": 14, "data": "150", "form_entry": 1}}, {"pk": 7, "model": "form.tokenentry", "fields": {"token": 12, "data": "500", "form_entry": 1}}, {"pk": 8, "model": "form.tokenentry", "fields": {"token": 17, "data": "20", "form_entry": 2}}, {"pk": 9, "model": "form.tokenentry", "fields": {"token": 18, "data": "sm", "form_entry": 2}}, {"pk": 10, "model": "form.tokenentry", "fields": {"token": 19, "data": "secret", "form_entry": 2}}, {"pk": 11, "model": "form.tokenentry", "fields": {"token": 20, "data": "mister sender", "form_entry": 2}}, {"pk": 12, "model": "form.tokenentry", "fields": {"token": 16, "data": "from", "form_entry": 3}}, {"pk": 13, "model": "form.tokenentry", "fields": {"token": 13, "data": "20", "form_entry": 3}}, {"pk": 14, "model": "form.tokenentry", "fields": {"token": 15, "data": "to", "form_entry": 3}}, {"pk": 15, "model": "form.tokenentry", "fields": {"token": 9, "data": "2027", "form_entry": 3}}, {"pk": 16, "model": "form.tokenentry", "fields": {"token": 10, "data": "11111", "form_entry": 3}}, {"pk": 17, "model": "form.tokenentry", "fields": {"token": 11, "data": "200", "form_entry": 3}}, {"pk": 18, "model": "form.tokenentry", "fields": {"token": 12, "data": "1800", "form_entry": 3}}, {"pk": 19, "model": "form.tokenentry", "fields": {"token": 16, "data": "from", "form_entry": 4}}, {"pk": 20, "model": "form.tokenentry", "fields": {"token": 13, "data": "20", "form_entry": 4}}, {"pk": 21, "model": "form.tokenentry", "fields": {"token": 15, "data": "to", "form_entry": 4}}, {"pk": 22, "model": "form.tokenentry", "fields": {"token": 9, "data": "2027", "form_entry": 4}}, {"pk": 23, "model": "form.tokenentry", "fields": {"token": 10, "data": "11111", "form_entry": 4}}, {"pk": 24, "model": "form.tokenentry", "fields": {"token": 11, "data": "200", "form_entry": 4}}, {"pk": 25, "model": "form.tokenentry", "fields": {"token": 12, "data": "1800", "form_entry": 4}}, {"pk": 26, "model": "form.tokenentry", "fields": {"token": 16, "data": "from", "form_entry": 5}}, {"pk": 27, "model": "form.tokenentry", "fields": {"token": 13, "data": "20", "form_entry": 5}}, {"pk": 28, "model": "form.tokenentry", "fields": {"token": 15, "data": "to", "form_entry": 5}}, {"pk": 29, "model": "form.tokenentry", "fields": {"token": 9, "data": "2027", "form_entry": 5}}, {"pk": 30, "model": "form.tokenentry", "fields": {"token": 10, "data": "11111", "form_entry": 5}}, {"pk": 31, "model": "form.tokenentry", "fields": {"token": 14, "data": "150", "form_entry": 5}}, {"pk": 32, "model": "form.tokenentry", "fields": {"token": 12, "data": "500", "form_entry": 5}}, {"pk": 1, "model": "form.tokenvalidator", "fields": {"token": 13}}, {"pk": 2, "model": "form.tokenvalidator", "fields": {"token": 9}}, {"pk": 3, "model": "form.tokenvalidator", "fields": {"token": 17}}, {"pk": 4, "model": "form.tokenvalidator", "fields": {"token": 21}}, {"pk": 5, "model": "form.tokenvalidator", "fields": {"token": 22}}, {"pk": 6, "model": "form.tokenvalidator", "fields": {"token": 18}}, {"pk": 1, "model": "form.tokenexistancevalidator", "fields": {"lookup_type": "location", "field_name": "code"}}, {"pk": 2, "model": "form.tokenexistancevalidator", "fields": {"lookup_type": "location", "field_name": "code"}}, {"pk": 3, "model": "form.tokenexistancevalidator", "fields": {"lookup_type": "location", "field_name": "code"}}, {"pk": 4, "model": "form.tokenexistancevalidator", "fields": {"lookup_type": "location", "field_name": "code"}}, {"pk": 5, "model": "form.tokenexistancevalidator", "fields": {"lookup_type": "location", "field_name": "code"}}, {"pk": 6, "model": "form.tokenexistancevalidator", "fields": {"lookup_type": "role", "field_name": "code"}}]
