[
{"pk": 1, "model": "reporters.role", "fields": {"code": "DL", "name": "Distribution point team leader"}}, 
{"pk": 2, "model": "reporters.role", "fields": {"code": "SM", "name": "Stock manager"}}, 
{"pk": 3, "model": "reporters.role", "fields": {"code": "WS", "name": "Ward supervisor"}}, 
{"pk": 4, "model": "reporters.role", "fields": {"code": "LF", "name": "LGA focal person"}}, 
{"pk": 1, "model": "reporters.locationtype", "fields": {"name": "Country"}}, 
{"pk": 2, "model": "reporters.locationtype", "fields": {"name": "State"}}, 
{"pk": 3, "model": "reporters.locationtype", "fields": {"name": "LGA"}}, 
{"pk": 4, "model": "reporters.locationtype", "fields": {"name": "Ward"}}, 
{"pk": 5, "model": "reporters.locationtype", "fields": {"name": "Distribution Point"}}, 
{"pk": 6, "model": "reporters.locationtype", "fields": {"name": "Mobilization Team"}}, 
{"pk": 1, "model": "reporters.location", "fields": { "code": "20", "type": 2, "name": "KANO", "parent": null}},
{"pk": 2, "model": "reporters.location", "fields": { "code": "2001", "type": 3, "name": "AJINGI", "parent": 1}},
{"pk": 3, "model": "reporters.location", "fields": { "code": "2002", "type": 3, "name": "ALBASU", "parent": 1}},
{"pk": 4, "model": "reporters.location", "fields": { "code": "2003", "type": 3, "name": "BAGWAI", "parent": 1}},
{"pk": 5, "model": "reporters.location", "fields": { "code": "2004", "type": 3, "name": "BEBEJI", "parent": 1}},
{"pk": 6, "model": "reporters.location", "fields": { "code": "2005", "type": 3, "name": "BICHI", "parent": 1}},
{"pk": 7, "model": "reporters.location", "fields": { "code": "2006", "type": 3, "name": "BUNKURE", "parent": 1}},
{"pk": 8, "model": "reporters.location", "fields": { "code": "2007", "type": 3, "name": "DALA", "parent": 1}},
{"pk": 9, "model": "reporters.location", "fields": { "code": "2008", "type": 3, "name": "DAMBATTA", "parent": 1}},
{"pk": 10, "model": "reporters.location", "fields": { "code": "2009", "type": 3, "name": "DAWAKIN KUDU", "parent": 1}},
{"pk": 11, "model": "reporters.location", "fields": { "code": "2010", "type": 3, "name": "DAWAKIN TOFA", "parent": 1}},
{"pk": 12, "model": "reporters.location", "fields": { "code": "2011", "type": 3, "name": "DOGUWA", "parent": 1}},
{"pk": 13, "model": "reporters.location", "fields": { "code": "2012", "type": 3, "name": "FAGGE", "parent": 1}},
{"pk": 14, "model": "reporters.location", "fields": { "code": "2013", "type": 3, "name": "GABASAWA", "parent": 1}},
{"pk": 15, "model": "reporters.location", "fields": { "code": "2014", "type": 3, "name": "GARKO", "parent": 1}},
{"pk": 16, "model": "reporters.location", "fields": { "code": "2015", "type": 3, "name": "GARUN MALLAM", "parent": 1}},
{"pk": 17, "model": "reporters.location", "fields": { "code": "2016", "type": 3, "name": "GAYA", "parent": 1}},
{"pk": 18, "model": "reporters.location", "fields": { "code": "2017", "type": 3, "name": "GEZAWA", "parent": 1}},
{"pk": 19, "model": "reporters.location", "fields": { "code": "2018", "type": 3, "name": "GWALE", "parent": 1}},
{"pk": 20, "model": "reporters.location", "fields": { "code": "2019", "type": 3, "name": "GWARZO", "parent": 1}},
{"pk": 21, "model": "reporters.location", "fields": { "code": "2020", "type": 3, "name": "KABO", "parent": 1}},
{"pk": 22, "model": "reporters.location", "fields": { "code": "2021", "type": 3, "name": "KANO MUNICIPAL", "parent": 1}},
{"pk": 23, "model": "reporters.location", "fields": { "code": "2022", "type": 3, "name": "KARAYE", "parent": 1}},
{"pk": 24, "model": "reporters.location", "fields": { "code": "2023", "type": 3, "name": "KIBIYA", "parent": 1}},
{"pk": 25, "model": "reporters.location", "fields": { "code": "2024", "type": 3, "name": "KIRU", "parent": 1}},
{"pk": 26, "model": "reporters.location", "fields": { "code": "2025", "type": 3, "name": "KUMBOTSO", "parent": 1}},
{"pk": 27, "model": "reporters.location", "fields": { "code": "2026", "type": 3, "name": "KUNCHI", "parent": 1}},
{"pk": 28, "model": "reporters.location", "fields": { "code": "2027", "type": 3, "name": "KURA", "parent": 1}},
{"pk": 29, "model": "reporters.location", "fields": { "code": "2028", "type": 3, "name": "MADOBI", "parent": 1}},
{"pk": 30, "model": "reporters.location", "fields": { "code": "2029", "type": 3, "name": "MAKODA", "parent": 1}},
{"pk": 31, "model": "reporters.location", "fields": { "code": "2030", "type": 3, "name": "MINIJIBIR", "parent": 1}},
{"pk": 32, "model": "reporters.location", "fields": { "code": "2031", "type": 3, "name": "NASARAWA", "parent": 1}},
{"pk": 33, "model": "reporters.location", "fields": { "code": "2032", "type": 3, "name": "RANO", "parent": 1}},
{"pk": 34, "model": "reporters.location", "fields": { "code": "2033", "type": 3, "name": "RIMIN GADO", "parent": 1}},
{"pk": 35, "model": "reporters.location", "fields": { "code": "2034", "type": 3, "name": "ROGO", "parent": 1}},
{"pk": 36, "model": "reporters.location", "fields": { "code": "2035", "type": 3, "name": "SHANONO", "parent": 1}},
{"pk": 37, "model": "reporters.location", "fields": { "code": "2036", "type": 3, "name": "SUMAILA", "parent": 1}},
{"pk": 38, "model": "reporters.location", "fields": { "code": "2037", "type": 3, "name": "TAKAI", "parent": 1}},
{"pk": 39, "model": "reporters.location", "fields": { "code": "2038", "type": 3, "name": "TARAUNI", "parent": 1}},
{"pk": 40, "model": "reporters.location", "fields": { "code": "2039", "type": 3, "name": "TOFA", "parent": 1}},
{"pk": 41, "model": "reporters.location", "fields": { "code": "2040", "type": 3, "name": "TSANYAWA", "parent": 1}},
{"pk": 42, "model": "reporters.location", "fields": { "code": "2041", "type": 3, "name": "TUDUN WADA", "parent": 1}},
{"pk": 43, "model": "reporters.location", "fields": { "code": "2042", "type": 3, "name": "UNGOGO", "parent": 1}},
{"pk": 44, "model": "reporters.location", "fields": { "code": "2043", "type": 3, "name": "WARAWA", "parent": 1}},
{"pk": 45, "model": "reporters.location", "fields": { "code": "2044", "type": 3, "name": "WUDIL", "parent": 1}},
{"pk": 46, "model": "reporters.location", "fields": { "code": "200101", "type": 4, "name": "AJINGI", "parent": 2}},
{"pk": 47, "model": "reporters.location", "fields": { "code": "200102", "type": 4, "name": "BALARE", "parent": 2}},
{"pk": 48, "model": "reporters.location", "fields": { "code": "200103", "type": 4, "name": "CHULA", "parent": 2}},
{"pk": 49, "model": "reporters.location", "fields": { "code": "200104", "type": 4, "name": "DABIN-KANAWA", "parent": 2}},
{"pk": 50, "model": "reporters.location", "fields": { "code": "200105", "type": 4, "name": "DUNDUN", "parent": 2}},
{"pk": 51, "model": "reporters.location", "fields": { "code": "200106", "type": 4, "name": "GAFASA", "parent": 2}},
{"pk": 52, "model": "reporters.location", "fields": { "code": "200107", "type": 4, "name": "GURDUBA", "parent": 2}},
{"pk": 53, "model": "reporters.location", "fields": { "code": "200108", "type": 4, "name": "KUNKUNRAWA", "parent": 2}},
{"pk": 54, "model": "reporters.location", "fields": { "code": "200109", "type": 4, "name": "TORANKE", "parent": 2}},
{"pk": 55, "model": "reporters.location", "fields": { "code": "200110", "type": 4, "name": "UNGUWAR-BAI", "parent": 2}},
{"pk": 56, "model": "reporters.location", "fields": { "code": "200201", "type": 4, "name": "ALBASU CENTRAL", "parent": 3}},
{"pk": 57, "model": "reporters.location", "fields": { "code": "200202", "type": 4, "name": "BATAIYA", "parent": 3}},
{"pk": 58, "model": "reporters.location", "fields": { "code": "200203", "type": 4, "name": "CHAMARANA", "parent": 3}},
{"pk": 59, "model": "reporters.location", "fields": { "code": "200204", "type": 4, "name": "DAHO", "parent": 3}},
{"pk": 60, "model": "reporters.location", "fields": { "code": "200205", "type": 4, "name": "FANDA", "parent": 3}},
{"pk": 61, "model": "reporters.location", "fields": { "code": "200206", "type": 4, "name": "FARAGAI", "parent": 3}},
{"pk": 62, "model": "reporters.location", "fields": { "code": "200207", "type": 4, "name": "GARARAME", "parent": 3}},
{"pk": 63, "model": "reporters.location", "fields": { "code": "200208", "type": 4, "name": "HUNGU", "parent": 3}},
{"pk": 64, "model": "reporters.location", "fields": { "code": "200209", "type": 4, "name": "SAYASAYA", "parent": 3}},
{"pk": 65, "model": "reporters.location", "fields": { "code": "200210", "type": 4, "name": "TSANGAYA", "parent": 3}},
{"pk": 66, "model": "reporters.location", "fields": { "code": "200301", "type": 4, "name": "BAGWAI", "parent": 4}},
{"pk": 67, "model": "reporters.location", "fields": { "code": "200302", "type": 4, "name": "DANGADA", "parent": 4}},
{"pk": 68, "model": "reporters.location", "fields": { "code": "200303", "type": 4, "name": "GADANYA", "parent": 4}},
{"pk": 69, "model": "reporters.location", "fields": { "code": "200304", "type": 4, "name": "GORORI", "parent": 4}},
{"pk": 70, "model": "reporters.location", "fields": { "code": "200305", "type": 4, "name": "KIYAWA", "parent": 4}},
{"pk": 71, "model": "reporters.location", "fields": { "code": "200306", "type": 4, "name": "KWAJALI", "parent": 4}},
{"pk": 72, "model": "reporters.location", "fields": { "code": "200307", "type": 4, "name": "RIMIN DAKO", "parent": 4}},
{"pk": 73, "model": "reporters.location", "fields": { "code": "200308", "type": 4, "name": "ROMO", "parent": 4}},
{"pk": 74, "model": "reporters.location", "fields": { "code": "200309", "type": 4, "name": "SARE-SARE", "parent": 4}},
{"pk": 75, "model": "reporters.location", "fields": { "code": "200310", "type": 4, "name": "WUROBAGGA", "parent": 4}},
{"pk": 76, "model": "reporters.location", "fields": { "code": "200401", "type": 4, "name": "ANADARIYA", "parent": 5}},
{"pk": 77, "model": "reporters.location", "fields": { "code": "200402", "type": 4, "name": "BAGUDA", "parent": 5}},
{"pk": 78, "model": "reporters.location", "fields": { "code": "200403", "type": 4, "name": "BEBEJI", "parent": 5}},
{"pk": 79, "model": "reporters.location", "fields": { "code": "200404", "type": 4, "name": "DAMAU", "parent": 5}},
{"pk": 80, "model": "reporters.location", "fields": { "code": "200405", "type": 4, "name": "DIRMAWA", "parent": 5}},
{"pk": 81, "model": "reporters.location", "fields": { "code": "200406", "type": 4, "name": "GARGAI", "parent": 5}},
{"pk": 82, "model": "reporters.location", "fields": { "code": "200407", "type": 4, "name": "GWARMAI", "parent": 5}},
{"pk": 83, "model": "reporters.location", "fields": { "code": "200408", "type": 4, "name": "KOFA", "parent": 5}},
{"pk": 84, "model": "reporters.location", "fields": { "code": "200409", "type": 4, "name": "KUKI", "parent": 5}},
{"pk": 85, "model": "reporters.location", "fields": { "code": "200410", "type": 4, "name": "RAHAMA", "parent": 5}},
{"pk": 86, "model": "reporters.location", "fields": { "code": "200411", "type": 4, "name": "RANKA", "parent": 5}},
{"pk": 87, "model": "reporters.location", "fields": { "code": "200412", "type": 4, "name": "RANTAN", "parent": 5}},
{"pk": 88, "model": "reporters.location", "fields": { "code": "200413", "type": 4, "name": "TARIWA", "parent": 5}},
{"pk": 89, "model": "reporters.location", "fields": { "code": "200414", "type": 4, "name": "WAK", "parent": 5}},
{"pk": 90, "model": "reporters.location", "fields": { "code": "200501", "type": 4, "name": "BADUME", "parent": 6}},
{"pk": 91, "model": "reporters.location", "fields": { "code": "200502", "type": 4, "name": "BICHI", "parent": 6}},
{"pk": 92, "model": "reporters.location", "fields": { "code": "200503", "type": 4, "name": "DANZABUWA", "parent": 6}},
{"pk": 93, "model": "reporters.location", "fields": { "code": "200504", "type": 4, "name": "FAGOLO", "parent": 6}},
{"pk": 94, "model": "reporters.location", "fields": { "code": "200505", "type": 4, "name": "KAU-KAU", "parent": 6}},
{"pk": 95, "model": "reporters.location", "fields": { "code": "200506", "type": 4, "name": "KWAMBARAWA", "parent": 6}},
{"pk": 96, "model": "reporters.location", "fields": { "code": "200507", "type": 4, "name": "KYALLI", "parent": 6}},
{"pk": 97, "model": "reporters.location", "fields": { "code": "200508", "type": 4, "name": "MUNTSIRA", "parent": 6}},
{"pk": 98, "model": "reporters.location", "fields": { "code": "200509", "type": 4, "name": "SAYE", "parent": 6}},
{"pk": 99, "model": "reporters.location", "fields": { "code": "200510", "type": 4, "name": "WAIRE", "parent": 6}},
{"pk": 100, "model": "reporters.location", "fields": { "code": "200511", "type": 4, "name": "YALLAMI", "parent": 6}},
{"pk": 101, "model": "reporters.location", "fields": { "code": "200601", "type": 4, "name": "BARKUM", "parent": 7}},
{"pk": 102, "model": "reporters.location", "fields": { "code": "200603", "type": 4, "name": "BONO", "parent": 7}},
{"pk": 103, "model": "reporters.location", "fields": { "code": "200602", "type": 4, "name": "BUNKURE", "parent": 7}},
{"pk": 104, "model": "reporters.location", "fields": { "code": "200604", "type": 4, "name": "CHIRIN", "parent": 7}},
{"pk": 105, "model": "reporters.location", "fields": { "code": "200605", "type": 4, "name": "GAFAN", "parent": 7}},
{"pk": 106, "model": "reporters.location", "fields": { "code": "200606", "type": 4, "name": "GURJIYA", "parent": 7}},
{"pk": 107, "model": "reporters.location", "fields": { "code": "200607", "type": 4, "name": "GWAMMA", "parent": 7}},
{"pk": 108, "model": "reporters.location", "fields": { "code": "200608", "type": 4, "name": "KULLUWA", "parent": 7}},
{"pk": 109, "model": "reporters.location", "fields": { "code": "200609", "type": 4, "name": "KUMURYA", "parent": 7}},
{"pk": 110, "model": "reporters.location", "fields": { "code": "200610", "type": 4, "name": "SANDA", "parent": 7}},
{"pk": 111, "model": "reporters.location", "fields": { "code": "200701", "type": 4, "name": "ADAKAWA", "parent": 8}},
{"pk": 112, "model": "reporters.location", "fields": { "code": "200702", "type": 4, "name": "BAKIN RUWA", "parent": 8}},
{"pk": 113, "model": "reporters.location", "fields": { "code": "200703", "type": 4, "name": "DALA", "parent": 8}},
{"pk": 114, "model": "reporters.location", "fields": { "code": "200704", "type": 4, "name": "DOGON NAMA", "parent": 8}},
{"pk": 115, "model": "reporters.location", "fields": { "code": "200705", "type": 4, "name": "GOBIRAWA", "parent": 8}},
{"pk": 116, "model": "reporters.location", "fields": { "code": "200706", "type": 4, "name": "GWAMMAJA", "parent": 8}},
{"pk": 117, "model": "reporters.location", "fields": { "code": "200707", "type": 4, "name": "KABUWAYA", "parent": 8}},
{"pk": 118, "model": "reporters.location", "fields": { "code": "200708", "type": 4, "name": "KANTUDU", "parent": 8}},
{"pk": 119, "model": "reporters.location", "fields": { "code": "200709", "type": 4, "name": "KOFAR MAZUGAL", "parent": 8}},
{"pk": 120, "model": "reporters.location", "fields": { "code": "200710", "type": 4, "name": "KOFAR RUWA", "parent": 8}},
{"pk": 121, "model": "reporters.location", "fields": { "code": "200711", "type": 4, "name": "MADIGAWA", "parent": 8}},
{"pk": 122, "model": "reporters.location", "fields": { "code": "200712", "type": 4, "name": "YALWA", "parent": 8}},
{"pk": 123, "model": "reporters.location", "fields": { "code": "200801", "type": 4, "name": "AJUMAWA", "parent": 9}},
{"pk": 124, "model": "reporters.location", "fields": { "code": "200802", "type": 4, "name": "DANBATTA EAST", "parent": 9}},
{"pk": 125, "model": "reporters.location", "fields": { "code": "200803", "type": 4, "name": "DANBATTA WEST", "parent": 9}},
{"pk": 126, "model": "reporters.location", "fields": { "code": "200804", "type": 4, "name": "FAGWALAWA", "parent": 9}},
{"pk": 127, "model": "reporters.location", "fields": { "code": "200805", "type": 4, "name": "GORON MAJE", "parent": 9}},
{"pk": 128, "model": "reporters.location", "fields": { "code": "200806", "type": 4, "name": "GWANDA", "parent": 9}},
{"pk": 129, "model": "reporters.location", "fields": { "code": "200807", "type": 4, "name": "GWARABJAWA", "parent": 9}},
{"pk": 130, "model": "reporters.location", "fields": { "code": "200808", "type": 4, "name": "KORE", "parent": 9}},
{"pk": 131, "model": "reporters.location", "fields": { "code": "200809", "type": 4, "name": "SAIDAWA", "parent": 9}},
{"pk": 132, "model": "reporters.location", "fields": { "code": "200810", "type": 4, "name": "SANSAN", "parent": 9}},
{"pk": 133, "model": "reporters.location", "fields": { "code": "200901", "type": 4, "name": "DABAR KWARI", "parent": 10}},
{"pk": 134, "model": "reporters.location", "fields": { "code": "200902", "type": 4, "name": "DANBAGINA", "parent": 10}},
{"pk": 135, "model": "reporters.location", "fields": { "code": "200903", "type": 4, "name": "DAWAKI", "parent": 10}},
{"pk": 136, "model": "reporters.location", "fields": { "code": "200904", "type": 4, "name": "DAWAKIJI", "parent": 10}},
{"pk": 137, "model": "reporters.location", "fields": { "code": "200905", "type": 4, "name": "DOSAN", "parent": 10}},
{"pk": 138, "model": "reporters.location", "fields": { "code": "200906", "type": 4, "name": "GANO", "parent": 10}},
{"pk": 139, "model": "reporters.location", "fields": { "code": "200907", "type": 4, "name": "GURJIYA", "parent": 10}},
{"pk": 140, "model": "reporters.location", "fields": { "code": "200908", "type": 4, "name": "JIDO", "parent": 10}},
{"pk": 141, "model": "reporters.location", "fields": { "code": "200909", "type": 4, "name": "TAMBURAWA", "parent": 10}},
{"pk": 142, "model": "reporters.location", "fields": { "code": "200910", "type": 4, "name": "TSAKUWA", "parent": 10}},
{"pk": 143, "model": "reporters.location", "fields": { "code": "200911", "type": 4, "name": "UNG. DUNIYA", "parent": 10}},
{"pk": 144, "model": "reporters.location", "fields": { "code": "200912", "type": 4, "name": "YANBARAU", "parent": 10}},
{"pk": 145, "model": "reporters.location", "fields": { "code": "200913", "type": 4, "name": "YANKA TSARI", "parent": 10}},
{"pk": 146, "model": "reporters.location", "fields": { "code": "200914", "type": 4, "name": "YARGAYA", "parent": 10}},
{"pk": 147, "model": "reporters.location", "fields": { "code": "200915", "type": 4, "name": "ZOGARAWA", "parent": 10}},
{"pk": 148, "model": "reporters.location", "fields": { "code": "201001", "type": 4, "name": "DANGUGUWA", "parent": 11}},
{"pk": 149, "model": "reporters.location", "fields": { "code": "201002", "type": 4, "name": "DAWAKI EAST", "parent": 11}},
{"pk": 150, "model": "reporters.location", "fields": { "code": "201003", "type": 4, "name": "DAWAKI WEST", "parent": 11}},
{"pk": 151, "model": "reporters.location", "fields": { "code": "201004", "type": 4, "name": "DAWANAU", "parent": 11}},
{"pk": 152, "model": "reporters.location", "fields": { "code": "201005", "type": 4, "name": "GANDUJE", "parent": 11}},
{"pk": 153, "model": "reporters.location", "fields": { "code": "201006", "type": 4, "name": "GARGARI", "parent": 11}},
{"pk": 154, "model": "reporters.location", "fields": { "code": "201007", "type": 4, "name": "JALLI", "parent": 11}},
{"pk": 155, "model": "reporters.location", "fields": { "code": "201008", "type": 4, "name": "KWA", "parent": 11}},
{"pk": 156, "model": "reporters.location", "fields": { "code": "201009", "type": 4, "name": "MARKE", "parent": 11}},
{"pk": 157, "model": "reporters.location", "fields": { "code": "201010", "type": 4, "name": "TATTARAWA", "parent": 11}},
{"pk": 158, "model": "reporters.location", "fields": { "code": "201011", "type": 4, "name": "TUMFAFI", "parent": 11}},
{"pk": 159, "model": "reporters.location", "fields": { "code": "201101", "type": 4, "name": "DARIYA", "parent": 12}},
{"pk": 160, "model": "reporters.location", "fields": { "code": "201102", "type": 4, "name": "DOGON KAWO", "parent": 12}},
{"pk": 161, "model": "reporters.location", "fields": { "code": "201103", "type": 4, "name": "DOGUWA", "parent": 12}},
{"pk": 162, "model": "reporters.location", "fields": { "code": "201104", "type": 4, "name": "FALGORE", "parent": 12}},
{"pk": 163, "model": "reporters.location", "fields": { "code": "201105", "type": 4, "name": "MARAKU", "parent": 12}},
{"pk": 164, "model": "reporters.location", "fields": { "code": "201106", "type": 4, "name": "RAGADA", "parent": 12}},
{"pk": 165, "model": "reporters.location", "fields": { "code": "201107", "type": 4, "name": "RIRIWAI", "parent": 12}},
{"pk": 166, "model": "reporters.location", "fields": { "code": "201108", "type": 4, "name": "TAGWAYE", "parent": 12}},
{"pk": 167, "model": "reporters.location", "fields": { "code": "201109", "type": 4, "name": "UNGUWAR NATSOHUWA", "parent": 12}},
{"pk": 168, "model": "reporters.location", "fields": { "code": "201110", "type": 4, "name": "ZAINABI", "parent": 12}},
{"pk": 169, "model": "reporters.location", "fields": { "code": "201201", "type": 4, "name": "FAGGE A", "parent": 13}},
{"pk": 170, "model": "reporters.location", "fields": { "code": "201202", "type": 4, "name": "FAGGE B", "parent": 13}},
{"pk": 171, "model": "reporters.location", "fields": { "code": "201203", "type": 4, "name": "FAGGE C", "parent": 13}},
{"pk": 172, "model": "reporters.location", "fields": { "code": "201204", "type": 4, "name": "FAGGE D", "parent": 13}},
{"pk": 173, "model": "reporters.location", "fields": { "code": "201205", "type": 4, "name": "FAGGE E", "parent": 13}},
{"pk": 174, "model": "reporters.location", "fields": { "code": "201206", "type": 4, "name": "KWACHIRI", "parent": 13}},
{"pk": 175, "model": "reporters.location", "fields": { "code": "201207", "type": 4, "name": "RIJIYAR LEMO", "parent": 13}},
{"pk": 176, "model": "reporters.location", "fields": { "code": "201208", "type": 4, "name": "SABON GARI EAST", "parent": 13}},
{"pk": 177, "model": "reporters.location", "fields": { "code": "201209", "type": 4, "name": "SABON GARI WEST", "parent": 13}},
{"pk": 178, "model": "reporters.location", "fields": { "code": "201210", "type": 4, "name": "YAMMATA", "parent": 13}},
{"pk": 179, "model": "reporters.location", "fields": { "code": "201301", "type": 4, "name": "GABASAWA", "parent": 14}},
{"pk": 180, "model": "reporters.location", "fields": { "code": "201302", "type": 4, "name": "GARUN DANGA", "parent": 14}},
{"pk": 181, "model": "reporters.location", "fields": { "code": "201303", "type": 4, "name": "JODA", "parent": 14}},
{"pk": 182, "model": "reporters.location", "fields": { "code": "201304", "type": 4, "name": "KARMAMI", "parent": 14}},
{"pk": 183, "model": "reporters.location", "fields": { "code": "201305", "type": 4, "name": "MEKIYA", "parent": 14}},
{"pk": 184, "model": "reporters.location", "fields": { "code": "201306", "type": 4, "name": "TARAUNI", "parent": 14}},
{"pk": 185, "model": "reporters.location", "fields": { "code": "201307", "type": 4, "name": "YAUTAR AREWA", "parent": 14}},
{"pk": 186, "model": "reporters.location", "fields": { "code": "201308", "type": 4, "name": "YAUTAR KUDU", "parent": 14}},
{"pk": 187, "model": "reporters.location", "fields": { "code": "201309", "type": 4, "name": "YUMBU", "parent": 14}},
{"pk": 188, "model": "reporters.location", "fields": { "code": "201310", "type": 4, "name": "ZAKIRAI", "parent": 14}},
{"pk": 189, "model": "reporters.location", "fields": { "code": "201311", "type": 4, "name": "ZUGACHI", "parent": 14}},
{"pk": 190, "model": "reporters.location", "fields": { "code": "201401", "type": 4, "name": "DAL", "parent": 15}},
{"pk": 191, "model": "reporters.location", "fields": { "code": "201402", "type": 4, "name": "GARIN ALI", "parent": 15}},
{"pk": 192, "model": "reporters.location", "fields": { "code": "201403", "type": 4, "name": "GARKO", "parent": 15}},
{"pk": 193, "model": "reporters.location", "fields": { "code": "201404", "type": 4, "name": "GURJIYA", "parent": 15}},
{"pk": 194, "model": "reporters.location", "fields": { "code": "201405", "type": 4, "name": "KAFIN MALAMAI", "parent": 15}},
{"pk": 195, "model": "reporters.location", "fields": { "code": "201406", "type": 4, "name": "KATUMARI", "parent": 15}},
{"pk": 196, "model": "reporters.location", "fields": { "code": "201407", "type": 4, "name": "KWAS", "parent": 15}},
{"pk": 197, "model": "reporters.location", "fields": { "code": "201408", "type": 4, "name": "RABA", "parent": 15}},
{"pk": 198, "model": "reporters.location", "fields": { "code": "201409", "type": 4, "name": "SARINA", "parent": 15}},
{"pk": 199, "model": "reporters.location", "fields": { "code": "201410", "type": 4, "name": "ZAKARWA", "parent": 15}},
{"pk": 200, "model": "reporters.location", "fields": { "code": "201501", "type": 4, "name": "CHIROMAWA", "parent": 16}},
{"pk": 201, "model": "reporters.location", "fields": { "code": "201502", "type": 4, "name": "DORAWAR SALLAU", "parent": 16}},
{"pk": 202, "model": "reporters.location", "fields": { "code": "201503", "type": 4, "name": "FANKURUN", "parent": 16}},
{"pk": 203, "model": "reporters.location", "fields": { "code": "201504", "type": 4, "name": "GARUN BABBA", "parent": 16}},
{"pk": 204, "model": "reporters.location", "fields": { "code": "201505", "type": 4, "name": "GARUN MALAM", "parent": 16}},
{"pk": 205, "model": "reporters.location", "fields": { "code": "201506", "type": 4, "name": "JOBAWA", "parent": 16}},
{"pk": 206, "model": "reporters.location", "fields": { "code": "201507", "type": 4, "name": "KADAWA", "parent": 16}},
{"pk": 207, "model": "reporters.location", "fields": { "code": "201508", "type": 4, "name": "MAKWARO", "parent": 16}},
{"pk": 208, "model": "reporters.location", "fields": { "code": "201509", "type": 4, "name": "YADAKWARI", "parent": 16}},
{"pk": 209, "model": "reporters.location", "fields": { "code": "201510", "type": 4, "name": "YALWAN YADAKWARI", "parent": 16}},
{"pk": 210, "model": "reporters.location", "fields": { "code": "201601", "type": 4, "name": "BALAN", "parent": 17}},
{"pk": 211, "model": "reporters.location", "fields": { "code": "201604", "type": 4, "name": "GAMARIA", "parent": 17}},
{"pk": 212, "model": "reporters.location", "fields": { "code": "201605", "type": 4, "name": "GAMOJI", "parent": 17}},
{"pk": 213, "model": "reporters.location", "fields": { "code": "201602", "type": 4, "name": "GAYA AREWA", "parent": 17}},
{"pk": 214, "model": "reporters.location", "fields": { "code": "201603", "type": 4, "name": "GAYA KUDU", "parent": 17}},
{"pk": 215, "model": "reporters.location", "fields": { "code": "201606", "type": 4, "name": "KADEMI", "parent": 17}},
{"pk": 216, "model": "reporters.location", "fields": { "code": "201607", "type": 4, "name": "KAZURAWA", "parent": 17}},
{"pk": 217, "model": "reporters.location", "fields": { "code": "201608", "type": 4, "name": "MAIMAKAWA", "parent": 17}},
{"pk": 218, "model": "reporters.location", "fields": { "code": "201609", "type": 4, "name": "SHAGOGO", "parent": 17}},
{"pk": 219, "model": "reporters.location", "fields": { "code": "201610", "type": 4, "name": "WUDILAWA", "parent": 17}},
{"pk": 220, "model": "reporters.location", "fields": { "code": "201701", "type": 4, "name": "BABAWA", "parent": 18}},
{"pk": 221, "model": "reporters.location", "fields": { "code": "201702", "type": 4, "name": "GAWO", "parent": 18}},
{"pk": 222, "model": "reporters.location", "fields": { "code": "201703", "type": 4, "name": "GEZAWA", "parent": 18}},
{"pk": 223, "model": "reporters.location", "fields": { "code": "201704", "type": 4, "name": "JOGANA", "parent": 18}},
{"pk": 224, "model": "reporters.location", "fields": { "code": "201705", "type": 4, "name": "KETAWA", "parent": 18}},
{"pk": 225, "model": "reporters.location", "fields": { "code": "201706", "type": 4, "name": "MESAR TUDU", "parent": 18}},
{"pk": 226, "model": "reporters.location", "fields": { "code": "201707", "type": 4, "name": "SARARIN GEZAWA", "parent": 18}},
{"pk": 227, "model": "reporters.location", "fields": { "code": "201708", "type": 4, "name": "TSAMIYA BABBA", "parent": 18}},
{"pk": 228, "model": "reporters.location", "fields": { "code": "201709", "type": 4, "name": "TUMBAU", "parent": 18}},
{"pk": 229, "model": "reporters.location", "fields": { "code": "201710", "type": 4, "name": "WANGARA", "parent": 18}},
{"pk": 230, "model": "reporters.location", "fields": { "code": "201711", "type": 4, "name": "ZANGO", "parent": 18}},
{"pk": 231, "model": "reporters.location", "fields": { "code": "201801", "type": 4, "name": "DANDAGO", "parent": 19}},
{"pk": 232, "model": "reporters.location", "fields": { "code": "201802", "type": 4, "name": "DISO", "parent": 19}},
{"pk": 233, "model": "reporters.location", "fields": { "code": "201803", "type": 4, "name": "DORAYI", "parent": 19}},
{"pk": 234, "model": "reporters.location", "fields": { "code": "201804", "type": 4, "name": "GALADANCHI", "parent": 19}},
{"pk": 235, "model": "reporters.location", "fields": { "code": "201805", "type": 4, "name": "GORON DUTSE", "parent": 19}},
{"pk": 236, "model": "reporters.location", "fields": { "code": "201806", "type": 4, "name": "GWALE", "parent": 19}},
{"pk": 237, "model": "reporters.location", "fields": { "code": "201807", "type": 4, "name": "GYARANYA", "parent": 19}},
{"pk": 238, "model": "reporters.location", "fields": { "code": "201808", "type": 4, "name": "KUBUGA", "parent": 19}},
{"pk": 239, "model": "reporters.location", "fields": { "code": "201809", "type": 4, "name": "MANDAWARI", "parent": 19}},
{"pk": 240, "model": "reporters.location", "fields": { "code": "201810", "type": 4, "name": "SANI MAINGAGGE", "parent": 19}},
{"pk": 241, "model": "reporters.location", "fields": { "code": "201901", "type": 4, "name": "GEBO", "parent": 20}},
{"pk": 242, "model": "reporters.location", "fields": { "code": "201902", "type": 4, "name": "GWARZO", "parent": 20}},
{"pk": 243, "model": "reporters.location", "fields": { "code": "201903", "type": 4, "name": "JAMA’A", "parent": 20}},
{"pk": 244, "model": "reporters.location", "fields": { "code": "201904", "type": 4, "name": "KARA", "parent": 20}},
{"pk": 245, "model": "reporters.location", "fields": { "code": "201905", "type": 4, "name": "KUTAMA", "parent": 20}},
{"pk": 246, "model": "reporters.location", "fields": { "code": "201906", "type": 4, "name": "LAKWAYA", "parent": 20}},
{"pk": 247, "model": "reporters.location", "fields": { "code": "201907", "type": 4, "name": "MADADI", "parent": 20}},
{"pk": 248, "model": "reporters.location", "fields": { "code": "201908", "type": 4, "name": "MAINIKA", "parent": 20}},
{"pk": 249, "model": "reporters.location", "fields": { "code": "201909", "type": 4, "name": "SABON BIRNI", "parent": 20}},
{"pk": 250, "model": "reporters.location", "fields": { "code": "201910", "type": 4, "name": "UNGUWAR-TUDU", "parent": 20}},
{"pk": 251, "model": "reporters.location", "fields": { "code": "202001", "type": 4, "name": "DUGABAU", "parent": 21}},
{"pk": 252, "model": "reporters.location", "fields": { "code": "202002", "type": 4, "name": "DURUN", "parent": 21}},
{"pk": 253, "model": "reporters.location", "fields": { "code": "202003", "type": 4, "name": "GAMMO", "parent": 21}},
{"pk": 254, "model": "reporters.location", "fields": { "code": "202004", "type": 4, "name": "GARO", "parent": 21}},
{"pk": 255, "model": "reporters.location", "fields": { "code": "202005", "type": 4, "name": "GODIYA", "parent": 21}},
{"pk": 256, "model": "reporters.location", "fields": { "code": "202006", "type": 4, "name": "GUDE", "parent": 21}},
{"pk": 257, "model": "reporters.location", "fields": { "code": "202007", "type": 4, "name": "HAUWADE", "parent": 21}},
{"pk": 258, "model": "reporters.location", "fields": { "code": "202008", "type": 4, "name": "KABO", "parent": 21}},
{"pk": 259, "model": "reporters.location", "fields": { "code": "202009", "type": 4, "name": "KANWA", "parent": 21}},
{"pk": 260, "model": "reporters.location", "fields": { "code": "202010", "type": 4, "name": "MASANAWA", "parent": 21}},
{"pk": 261, "model": "reporters.location", "fields": { "code": "202101", "type": 4, "name": "CHEDI", "parent": 22}},
{"pk": 262, "model": "reporters.location", "fields": { "code": "202102", "type": 4, "name": "DAN AGUNDI", "parent": 22}},
{"pk": 263, "model": "reporters.location", "fields": { "code": "202103", "type": 4, "name": "GANDUN ALBASA", "parent": 22}},
{"pk": 264, "model": "reporters.location", "fields": { "code": "202104", "type": 4, "name": "JAKARA", "parent": 22}},
{"pk": 265, "model": "reporters.location", "fields": { "code": "202105", "type": 4, "name": "KANKAROFI", "parent": 22}},
{"pk": 266, "model": "reporters.location", "fields": { "code": "202106", "type": 4, "name": "SHAHUCHI", "parent": 22}},
{"pk": 267, "model": "reporters.location", "fields": { "code": "202107", "type": 4, "name": "SHARADA", "parent": 22}},
{"pk": 268, "model": "reporters.location", "fields": { "code": "202108", "type": 4, "name": "SHESHE", "parent": 22}},
{"pk": 269, "model": "reporters.location", "fields": { "code": "202109", "type": 4, "name": "TUDUN NUFAWA", "parent": 22}},
{"pk": 270, "model": "reporters.location", "fields": { "code": "202110", "type": 4, "name": "TUDUN WAZIRCHI", "parent": 22}},
{"pk": 271, "model": "reporters.location", "fields": { "code": "202111", "type": 4, "name": "YAKASAI", "parent": 22}},
{"pk": 272, "model": "reporters.location", "fields": { "code": "202112", "type": 4, "name": "ZAITAWA", "parent": 22}},
{"pk": 273, "model": "reporters.location", "fields": { "code": "202113", "type": 4, "name": "ZANGO", "parent": 22}},
{"pk": 274, "model": "reporters.location", "fields": { "code": "202201", "type": 4, "name": "DAURA", "parent": 23}},
{"pk": 275, "model": "reporters.location", "fields": { "code": "202202", "type": 4, "name": "KAFIN DAFGA", "parent": 23}},
{"pk": 276, "model": "reporters.location", "fields": { "code": "202203", "type": 4, "name": "KARAYE", "parent": 23}},
{"pk": 277, "model": "reporters.location", "fields": { "code": "202204", "type": 4, "name": "KURUGU", "parent": 23}},
{"pk": 278, "model": "reporters.location", "fields": { "code": "202205", "type": 4, "name": "KWANYAWA", "parent": 23}},
{"pk": 279, "model": "reporters.location", "fields": { "code": "202206", "type": 4, "name": "TUDUN-KAYA", "parent": 23}},
{"pk": 280, "model": "reporters.location", "fields": { "code": "202207", "type": 4, "name": "TURAWA", "parent": 23}},
{"pk": 281, "model": "reporters.location", "fields": { "code": "202208", "type": 4, "name": "UNGUWAR HAJJI", "parent": 23}},
{"pk": 282, "model": "reporters.location", "fields": { "code": "202209", "type": 4, "name": "YAMMEDI", "parent": 23}},
{"pk": 283, "model": "reporters.location", "fields": { "code": "202210", "type": 4, "name": "YOLA", "parent": 23}},
{"pk": 284, "model": "reporters.location", "fields": { "code": "202301", "type": 4, "name": "DURBA", "parent": 24}},
{"pk": 285, "model": "reporters.location", "fields": { "code": "202302", "type": 4, "name": "FAMMAR", "parent": 24}},
{"pk": 286, "model": "reporters.location", "fields": { "code": "202303", "type": 4, "name": "FASSI", "parent": 24}},
{"pk": 287, "model": "reporters.location", "fields": { "code": "202304", "type": 4, "name": "KADIGAWA", "parent": 24}},
{"pk": 288, "model": "reporters.location", "fields": { "code": "202305", "type": 4, "name": "KAHU", "parent": 24}},
{"pk": 289, "model": "reporters.location", "fields": { "code": "202306", "type": 4, "name": "KIBIYA I", "parent": 24}},
{"pk": 290, "model": "reporters.location", "fields": { "code": "202307", "type": 4, "name": "KIBIYA II", "parent": 24}},
{"pk": 291, "model": "reporters.location", "fields": { "code": "202308", "type": 4, "name": "NARIYA", "parent": 24}},
{"pk": 292, "model": "reporters.location", "fields": { "code": "202309", "type": 4, "name": "TARAI", "parent": 24}},
{"pk": 293, "model": "reporters.location", "fields": { "code": "202310", "type": 4, "name": "UNG/GAI", "parent": 24}},
{"pk": 294, "model": "reporters.location", "fields": { "code": "202401", "type": 4, "name": "BA’AWA", "parent": 25}},
{"pk": 295, "model": "reporters.location", "fields": { "code": "202402", "type": 4, "name": "BABAFI", "parent": 25}},
{"pk": 296, "model": "reporters.location", "fields": { "code": "202403", "type": 4, "name": "BARGONI", "parent": 25}},
{"pk": 297, "model": "reporters.location", "fields": { "code": "202404", "type": 4, "name": "BAUDA", "parent": 25}},
{"pk": 298, "model": "reporters.location", "fields": { "code": "202405", "type": 4, "name": "DANGORA", "parent": 25}},
{"pk": 299, "model": "reporters.location", "fields": { "code": "202406", "type": 4, "name": "DANSOHIYA", "parent": 25}},
{"pk": 300, "model": "reporters.location", "fields": { "code": "202407", "type": 4, "name": "DASHI", "parent": 25}},
{"pk": 301, "model": "reporters.location", "fields": { "code": "202408", "type": 4, "name": "GALADIMAWA", "parent": 25}},
{"pk": 302, "model": "reporters.location", "fields": { "code": "202409", "type": 4, "name": "KIRU", "parent": 25}},
{"pk": 303, "model": "reporters.location", "fields": { "code": "202410", "type": 4, "name": "KOGO", "parent": 25}},
{"pk": 304, "model": "reporters.location", "fields": { "code": "202411", "type": 4, "name": "MARAKU", "parent": 25}},
{"pk": 305, "model": "reporters.location", "fields": { "code": "202412", "type": 4, "name": "TSAUDAWA", "parent": 25}},
{"pk": 306, "model": "reporters.location", "fields": { "code": "202413", "type": 4, "name": "YAKO", "parent": 25}},
{"pk": 307, "model": "reporters.location", "fields": { "code": "202414", "type": 4, "name": "YALWA", "parent": 25}},
{"pk": 308, "model": "reporters.location", "fields": { "code": "202415", "type": 4, "name": "ZUWO", "parent": 25}},
{"pk": 309, "model": "reporters.location", "fields": { "code": "202501", "type": 4, "name": "CHALLAWA", "parent": 26}},
{"pk": 310, "model": "reporters.location", "fields": { "code": "202502", "type": 4, "name": "CHIRANCHI", "parent": 26}},
{"pk": 311, "model": "reporters.location", "fields": { "code": "202503", "type": 4, "name": "DANBARE", "parent": 26}},
{"pk": 312, "model": "reporters.location", "fields": { "code": "202504", "type": 4, "name": "DANMALIKI", "parent": 26}},
{"pk": 313, "model": "reporters.location", "fields": { "code": "202505", "type": 4, "name": "GURIN GAWA", "parent": 26}},
{"pk": 314, "model": "reporters.location", "fields": { "code": "202506", "type": 4, "name": "KUMBOTSO", "parent": 26}},
{"pk": 315, "model": "reporters.location", "fields": { "code": "202507", "type": 4, "name": "KUREKEN SANI", "parent": 26}},
{"pk": 316, "model": "reporters.location", "fields": { "code": "202508", "type": 4, "name": "MARIRI", "parent": 26}},
{"pk": 317, "model": "reporters.location", "fields": { "code": "202509", "type": 4, "name": "NA’IBAWA", "parent": 26}},
{"pk": 318, "model": "reporters.location", "fields": { "code": "202510", "type": 4, "name": "PANSHEKARA", "parent": 26}},
{"pk": 319, "model": "reporters.location", "fields": { "code": "202511", "type": 4, "name": "UNGUWAR RIMI", "parent": 26}},
{"pk": 320, "model": "reporters.location", "fields": { "code": "202601", "type": 4, "name": "BUMAI", "parent": 27}},
{"pk": 321, "model": "reporters.location", "fields": { "code": "202602", "type": 4, "name": "GARIN SHEME", "parent": 27}},
{"pk": 322, "model": "reporters.location", "fields": { "code": "202603", "type": 4, "name": "GWARMAI", "parent": 27}},
{"pk": 323, "model": "reporters.location", "fields": { "code": "202604", "type": 4, "name": "KASUWAR KUKA", "parent": 27}},
{"pk": 324, "model": "reporters.location", "fields": { "code": "202605", "type": 4, "name": "KUNCHI", "parent": 27}},
{"pk": 325, "model": "reporters.location", "fields": { "code": "202606", "type": 4, "name": "MATAM/FADA", "parent": 27}},
{"pk": 326, "model": "reporters.location", "fields": { "code": "202607", "type": 4, "name": "RIDAWA", "parent": 27}},
{"pk": 327, "model": "reporters.location", "fields": { "code": "202608", "type": 4, "name": "SHAMAKAWA", "parent": 27}},
{"pk": 328, "model": "reporters.location", "fields": { "code": "202609", "type": 4, "name": "SHUWAKI", "parent": 27}},
{"pk": 329, "model": "reporters.location", "fields": { "code": "202610", "type": 4, "name": "YANDADI", "parent": 27}},
{"pk": 330, "model": "reporters.location", "fields": { "code": "202701", "type": 4, "name": "DALILI", "parent": 28}},
{"pk": 331, "model": "reporters.location", "fields": { "code": "202702", "type": 4, "name": "DAN HASSAN", "parent": 28}},
{"pk": 332, "model": "reporters.location", "fields": { "code": "202703", "type": 4, "name": "DUKAWA", "parent": 28}},
{"pk": 333, "model": "reporters.location", "fields": { "code": "202704", "type": 4, "name": "GUNDUTSE", "parent": 28}},
{"pk": 334, "model": "reporters.location", "fields": { "code": "202705", "type": 4, "name": "KARFI", "parent": 28}},
{"pk": 335, "model": "reporters.location", "fields": { "code": "202706", "type": 4, "name": "KOSAWA", "parent": 28}},
{"pk": 336, "model": "reporters.location", "fields": { "code": "202707", "type": 4, "name": "KURA", "parent": 28}},
{"pk": 337, "model": "reporters.location", "fields": { "code": "202708", "type": 4, "name": "KURUN SUMAU", "parent": 28}},
{"pk": 338, "model": "reporters.location", "fields": { "code": "202709", "type": 4, "name": "RIGAR DUKA", "parent": 28}},
{"pk": 339, "model": "reporters.location", "fields": { "code": "202710", "type": 4, "name": "TANAWA", "parent": 28}},
{"pk": 340, "model": "reporters.location", "fields": { "code": "202801", "type": 4, "name": "BURJI", "parent": 29}},
{"pk": 341, "model": "reporters.location", "fields": { "code": "202802", "type": 4, "name": "CINKOSO", "parent": 29}},
{"pk": 342, "model": "reporters.location", "fields": { "code": "202803", "type": 4, "name": "GALINJA", "parent": 29}},
{"pk": 343, "model": "reporters.location", "fields": { "code": "202804", "type": 4, "name": "GORA", "parent": 29}},
{"pk": 344, "model": "reporters.location", "fields": { "code": "202805", "type": 4, "name": "KAFIN AGUR", "parent": 29}},
{"pk": 345, "model": "reporters.location", "fields": { "code": "202806", "type": 4, "name": "KANWA", "parent": 29}},
{"pk": 346, "model": "reporters.location", "fields": { "code": "202807", "type": 4, "name": "KAURAN MATA", "parent": 29}},
{"pk": 347, "model": "reporters.location", "fields": { "code": "202808", "type": 4, "name": "KUBARACHI", "parent": 29}},
{"pk": 348, "model": "reporters.location", "fields": { "code": "202809", "type": 4, "name": "KWANKWASO", "parent": 29}},
{"pk": 349, "model": "reporters.location", "fields": { "code": "202810", "type": 4, "name": "MADOBI", "parent": 29}},
{"pk": 350, "model": "reporters.location", "fields": { "code": "202811", "type": 4, "name": "RIKADAWA", "parent": 29}},
{"pk": 351, "model": "reporters.location", "fields": { "code": "202812", "type": 4, "name": "YAKUN", "parent": 29}},
{"pk": 352, "model": "reporters.location", "fields": { "code": "202901", "type": 4, "name": "BABBAR RIGA", "parent": 30}},
{"pk": 353, "model": "reporters.location", "fields": { "code": "202902", "type": 4, "name": "DURMA", "parent": 30}},
{"pk": 354, "model": "reporters.location", "fields": { "code": "202903", "type": 4, "name": "JIBGA", "parent": 30}},
{"pk": 355, "model": "reporters.location", "fields": { "code": "202904", "type": 4, "name": "KADANDANI", "parent": 30}},
{"pk": 356, "model": "reporters.location", "fields": { "code": "202905", "type": 4, "name": "KOGUNA", "parent": 30}},
{"pk": 357, "model": "reporters.location", "fields": { "code": "202906", "type": 4, "name": "KOREN TABO", "parent": 30}},
{"pk": 358, "model": "reporters.location", "fields": { "code": "202907", "type": 4, "name": "MAITSIDA", "parent": 30}},
{"pk": 359, "model": "reporters.location", "fields": { "code": "202908", "type": 4, "name": "MAKODA", "parent": 30}},
{"pk": 360, "model": "reporters.location", "fields": { "code": "202909", "type": 4, "name": "SATAME", "parent": 30}},
{"pk": 361, "model": "reporters.location", "fields": { "code": "202910", "type": 4, "name": "TANGAJI", "parent": 30}},
{"pk": 362, "model": "reporters.location", "fields": { "code": "202911", "type": 4, "name": "WAILARE", "parent": 30}},
{"pk": 363, "model": "reporters.location", "fields": { "code": "203001", "type": 4, "name": "AZORE", "parent": 31}},
{"pk": 364, "model": "reporters.location", "fields": { "code": "203002", "type": 4, "name": "GANDURWAWA", "parent": 31}},
{"pk": 365, "model": "reporters.location", "fields": { "code": "203003", "type": 4, "name": "KANTAMA", "parent": 31}},
{"pk": 366, "model": "reporters.location", "fields": { "code": "203004", "type": 4, "name": "KUNYA", "parent": 31}},
{"pk": 367, "model": "reporters.location", "fields": { "code": "203005", "type": 4, "name": "KURU", "parent": 31}},
{"pk": 368, "model": "reporters.location", "fields": { "code": "203006", "type": 4, "name": "KWARKIY", "parent": 31}},
{"pk": 369, "model": "reporters.location", "fields": { "code": "203007", "type": 4, "name": "MINJIBIR", "parent": 31}},
{"pk": 370, "model": "reporters.location", "fields": { "code": "203008", "type": 4, "name": "SARBI", "parent": 31}},
{"pk": 371, "model": "reporters.location", "fields": { "code": "203009", "type": 4, "name": "TSAKIYA", "parent": 31}},
{"pk": 372, "model": "reporters.location", "fields": { "code": "203010", "type": 4, "name": "TSAKUWA", "parent": 31}},
{"pk": 373, "model": "reporters.location", "fields": { "code": "203011", "type": 4, "name": "WASAI", "parent": 31}},
{"pk": 374, "model": "reporters.location", "fields": { "code": "203101", "type": 4, "name": "DAKATA", "parent": 32}},
{"pk": 375, "model": "reporters.location", "fields": { "code": "203102", "type": 4, "name": "GAMA", "parent": 32}},
{"pk": 376, "model": "reporters.location", "fields": { "code": "203103", "type": 4, "name": "GAWUNA", "parent": 32}},
{"pk": 377, "model": "reporters.location", "fields": { "code": "203105", "type": 4, "name": "GIGINYU", "parent": 32}},
{"pk": 378, "model": "reporters.location", "fields": { "code": "203104", "type": 4, "name": "GWAGWARWA", "parent": 32}},
{"pk": 379, "model": "reporters.location", "fields": { "code": "203106", "type": 4, "name": "HOTORO NORTH", "parent": 32}},
{"pk": 380, "model": "reporters.location", "fields": { "code": "203107", "type": 4, "name": "HOTORO SOUTH", "parent": 32}},
{"pk": 381, "model": "reporters.location", "fields": { "code": "203109", "type": 4, "name": "KAURA GOJE", "parent": 32}},
{"pk": 382, "model": "reporters.location", "fields": { "code": "203108", "type": 4, "name": "KAWAJI", "parent": 32}},
{"pk": 383, "model": "reporters.location", "fields": { "code": "203110", "type": 4, "name": "TUDUN MURTALA", "parent": 32}},
{"pk": 384, "model": "reporters.location", "fields": { "code": "203111", "type": 4, "name": "TUDUN WADA ", "parent": 32}},
{"pk": 385, "model": "reporters.location", "fields": { "code": "203201", "type": 4, "name": "DAWAKI", "parent": 33}},
{"pk": 386, "model": "reporters.location", "fields": { "code": "203202", "type": 4, "name": "LAUSU", "parent": 33}},
{"pk": 387, "model": "reporters.location", "fields": { "code": "203203", "type": 4, "name": "MADACHI", "parent": 33}},
{"pk": 388, "model": "reporters.location", "fields": { "code": "203204", "type": 4, "name": "RANO", "parent": 33}},
{"pk": 389, "model": "reporters.location", "fields": { "code": "203205", "type": 4, "name": "RURUM SABON-GARI", "parent": 33}},
{"pk": 390, "model": "reporters.location", "fields": { "code": "203206", "type": 4, "name": "RURUM TSOHON-GARI", "parent": 33}},
{"pk": 391, "model": "reporters.location", "fields": { "code": "203207", "type": 4, "name": "SAJI", "parent": 33}},
{"pk": 392, "model": "reporters.location", "fields": { "code": "203208", "type": 4, "name": "YALWA", "parent": 33}},
{"pk": 393, "model": "reporters.location", "fields": { "code": "203209", "type": 4, "name": "ZINYAU", "parent": 33}},
{"pk": 394, "model": "reporters.location", "fields": { "code": "203210", "type": 4, "name": "ZURGU", "parent": 33}},
{"pk": 395, "model": "reporters.location", "fields": { "code": "203301", "type": 4, "name": "BUTU-BUTU", "parent": 34}},
{"pk": 396, "model": "reporters.location", "fields": { "code": "203302", "type": 4, "name": "DAWAKIN GULU", "parent": 34}},
{"pk": 397, "model": "reporters.location", "fields": { "code": "203303", "type": 4, "name": "DOKA-DAWA", "parent": 34}},
{"pk": 398, "model": "reporters.location", "fields": { "code": "203304", "type": 4, "name": "DURURAWA", "parent": 34}},
{"pk": 399, "model": "reporters.location", "fields": { "code": "203305", "type": 4, "name": "GULU", "parent": 34}},
{"pk": 400, "model": "reporters.location", "fields": { "code": "203306", "type": 4, "name": "JILI", "parent": 34}},
{"pk": 401, "model": "reporters.location", "fields": { "code": "203307", "type": 4, "name": "KAROFIN YASHI", "parent": 34}},
{"pk": 402, "model": "reporters.location", "fields": { "code": "203308", "type": 4, "name": "RIMIN GADO", "parent": 34}},
{"pk": 403, "model": "reporters.location", "fields": { "code": "203309", "type": 4, "name": "SAKARATSA", "parent": 34}},
{"pk": 404, "model": "reporters.location", "fields": { "code": "203310", "type": 4, "name": "TAMAWA", "parent": 34}},
{"pk": 405, "model": "reporters.location", "fields": { "code": "203311", "type": 4, "name": "YALWAN DANZIYAL", "parent": 34}},
{"pk": 406, "model": "reporters.location", "fields": { "code": "203312", "type": 4, "name": "ZAGON DAN ABDU", "parent": 34}},
{"pk": 407, "model": "reporters.location", "fields": { "code": "203401", "type": 4, "name": "BELI", "parent": 35}},
{"pk": 408, "model": "reporters.location", "fields": { "code": "203402", "type": 4, "name": "FAL GORE", "parent": 35}},
{"pk": 409, "model": "reporters.location", "fields": { "code": "203403", "type": 4, "name": "FULATAN", "parent": 35}},
{"pk": 410, "model": "reporters.location", "fields": { "code": "203404", "type": 4, "name": "GWANGWAN", "parent": 35}},
{"pk": 411, "model": "reporters.location", "fields": { "code": "203405", "type": 4, "name": "JAJAYE", "parent": 35}},
{"pk": 412, "model": "reporters.location", "fields": { "code": "203406", "type": 4, "name": "ROGO RUMA", "parent": 35}},
{"pk": 413, "model": "reporters.location", "fields": { "code": "203407", "type": 4, "name": "ROGO SABON GARI", "parent": 35}},
{"pk": 414, "model": "reporters.location", "fields": { "code": "203408", "type": 4, "name": "RUWAN BAGO", "parent": 35}},
{"pk": 415, "model": "reporters.location", "fields": { "code": "203409", "type": 4, "name": "ZAREWA", "parent": 35}},
{"pk": 416, "model": "reporters.location", "fields": { "code": "203410", "type": 4, "name": "ZOZA", "parent": 35}},
{"pk": 417, "model": "reporters.location", "fields": { "code": "203501", "type": 4, "name": "ALAJAWA", "parent": 36}},
{"pk": 418, "model": "reporters.location", "fields": { "code": "203502", "type": 4, "name": "DUTSEN-BAKOSHI", "parent": 36}},
{"pk": 419, "model": "reporters.location", "fields": { "code": "203503", "type": 4, "name": "FARURUWA", "parent": 36}},
{"pk": 420, "model": "reporters.location", "fields": { "code": "203504", "type": 4, "name": "GORAN-DUTSE", "parent": 36}},
{"pk": 421, "model": "reporters.location", "fields": { "code": "203505", "type": 4, "name": "KADAMU", "parent": 36}},
{"pk": 422, "model": "reporters.location", "fields": { "code": "203506", "type": 4, "name": "KOKIYA", "parent": 36}},
{"pk": 423, "model": "reporters.location", "fields": { "code": "203507", "type": 4, "name": "LENI", "parent": 36}},
{"pk": 424, "model": "reporters.location", "fields": { "code": "203508", "type": 4, "name": "SHAKOGI", "parent": 36}},
{"pk": 425, "model": "reporters.location", "fields": { "code": "203509", "type": 4, "name": "SHANONO", "parent": 36}},
{"pk": 426, "model": "reporters.location", "fields": { "code": "203510", "type": 4, "name": "TSAURE", "parent": 36}},
{"pk": 427, "model": "reporters.location", "fields": { "code": "203601", "type": 4, "name": "GALA", "parent": 37}},
{"pk": 428, "model": "reporters.location", "fields": { "code": "203602", "type": 4, "name": "GANI", "parent": 37}},
{"pk": 429, "model": "reporters.location", "fields": { "code": "203603", "type": 4, "name": "GARFA", "parent": 37}},
{"pk": 430, "model": "reporters.location", "fields": { "code": "203604", "type": 4, "name": "GEDIYA", "parent": 37}},
{"pk": 431, "model": "reporters.location", "fields": { "code": "203605", "type": 4, "name": "KANAWA", "parent": 37}},
{"pk": 432, "model": "reporters.location", "fields": { "code": "203606", "type": 4, "name": "MAGAMI", "parent": 37}},
{"pk": 433, "model": "reporters.location", "fields": { "code": "203607", "type": 4, "name": "MASSU", "parent": 37}},
{"pk": 434, "model": "reporters.location", "fields": { "code": "203608", "type": 4, "name": "RIMI", "parent": 37}},
{"pk": 435, "model": "reporters.location", "fields": { "code": "203609", "type": 4, "name": "RUMO", "parent": 37}},
{"pk": 436, "model": "reporters.location", "fields": { "code": "203610", "type": 4, "name": "SITTI", "parent": 37}},
{"pk": 437, "model": "reporters.location", "fields": { "code": "203611", "type": 4, "name": "SUMMAILA", "parent": 37}},
{"pk": 438, "model": "reporters.location", "fields": { "code": "203701", "type": 4, "name": "BAGWARO", "parent": 38}},
{"pk": 439, "model": "reporters.location", "fields": { "code": "203702", "type": 4, "name": "DURBUNDE", "parent": 38}},
{"pk": 440, "model": "reporters.location", "fields": { "code": "203703", "type": 4, "name": "FAJEWA", "parent": 38}},
{"pk": 441, "model": "reporters.location", "fields": { "code": "203704", "type": 4, "name": "FALALI", "parent": 38}},
{"pk": 442, "model": "reporters.location", "fields": { "code": "203705", "type": 4, "name": "FARURUWA", "parent": 38}},
{"pk": 443, "model": "reporters.location", "fields": { "code": "203706", "type": 4, "name": "KACHAKO", "parent": 38}},
{"pk": 444, "model": "reporters.location", "fields": { "code": "203707", "type": 4, "name": "KARFI", "parent": 38}},
{"pk": 445, "model": "reporters.location", "fields": { "code": "203708", "type": 4, "name": "KUKA", "parent": 38}},
{"pk": 446, "model": "reporters.location", "fields": { "code": "203709", "type": 4, "name": "TAKAI", "parent": 38}},
{"pk": 447, "model": "reporters.location", "fields": { "code": "203710", "type": 4, "name": "ZUGA", "parent": 38}},
{"pk": 448, "model": "reporters.location", "fields": { "code": "203801", "type": 4, "name": "BABBAN GIJI", "parent": 39}},
{"pk": 449, "model": "reporters.location", "fields": { "code": "203802", "type": 4, "name": "DARMANAWA", "parent": 39}},
{"pk": 450, "model": "reporters.location", "fields": { "code": "203803", "type": 4, "name": "DAURAWA", "parent": 39}},
{"pk": 451, "model": "reporters.location", "fields": { "code": "203804", "type": 4, "name": "GYADI-GYADI AREWA", "parent": 39}},
{"pk": 452, "model": "reporters.location", "fields": { "code": "203805", "type": 4, "name": "GYADI-GYADI KUDU", "parent": 39}},
{"pk": 453, "model": "reporters.location", "fields": { "code": "203806", "type": 4, "name": "HOATORO (NNPC)", "parent": 39}},
{"pk": 454, "model": "reporters.location", "fields": { "code": "203807", "type": 4, "name": "KAUYEN ALU", "parent": 39}},
{"pk": 455, "model": "reporters.location", "fields": { "code": "203808", "type": 4, "name": "TARAUNI", "parent": 39}},
{"pk": 456, "model": "reporters.location", "fields": { "code": "203809", "type": 4, "name": "UNGOWAR GANO", "parent": 39}},
{"pk": 457, "model": "reporters.location", "fields": { "code": "203810", "type": 4, "name": "UNGUWA UKU", "parent": 39}},
{"pk": 458, "model": "reporters.location", "fields": { "code": "203901", "type": 4, "name": "DINDERE", "parent": 40}},
{"pk": 459, "model": "reporters.location", "fields": { "code": "203902", "type": 4, "name": "DOKA", "parent": 40}},
{"pk": 460, "model": "reporters.location", "fields": { "code": "203903", "type": 4, "name": "GAJIDA", "parent": 40}},
{"pk": 461, "model": "reporters.location", "fields": { "code": "203904", "type": 4, "name": "GINSAWA", "parent": 40}},
{"pk": 462, "model": "reporters.location", "fields": { "code": "203906", "type": 4, "name": "JANGUZA", "parent": 40}},
{"pk": 463, "model": "reporters.location", "fields": { "code": "203905", "type": 4, "name": "JAUBEN KUDU", "parent": 40}},
{"pk": 464, "model": "reporters.location", "fields": { "code": "203907", "type": 4, "name": "KWAMI", "parent": 40}},
{"pk": 465, "model": "reporters.location", "fields": { "code": "203908", "type": 4, "name": "LAMBU", "parent": 40}},
{"pk": 466, "model": "reporters.location", "fields": { "code": "203909", "type": 4, "name": "LANGEL", "parent": 40}},
{"pk": 467, "model": "reporters.location", "fields": { "code": "203910", "type": 4, "name": "TOFA", "parent": 40}},
{"pk": 468, "model": "reporters.location", "fields": { "code": "203911", "type": 4, "name": "UNGUWAR RIMI", "parent": 40}},
{"pk": 469, "model": "reporters.location", "fields": { "code": "203912", "type": 4, "name": "WANGAR", "parent": 40}},
{"pk": 470, "model": "reporters.location", "fields": { "code": "203913", "type": 4, "name": "YALWA GARAMA", "parent": 40}},
{"pk": 471, "model": "reporters.location", "fields": { "code": "203914", "type": 4, "name": "YANOKO", "parent": 40}},
{"pk": 472, "model": "reporters.location", "fields": { "code": "203915", "type": 4, "name": "YARIMAWA", "parent": 40}},
{"pk": 473, "model": "reporters.location", "fields": { "code": "204001", "type": 4, "name": "DADDARAWA", "parent": 41}},
{"pk": 474, "model": "reporters.location", "fields": { "code": "204002", "type": 4, "name": "DUNBULUN", "parent": 41}},
{"pk": 475, "model": "reporters.location", "fields": { "code": "204003", "type": 4, "name": "GOZARKI", "parent": 41}},
{"pk": 476, "model": "reporters.location", "fields": { "code": "204004", "type": 4, "name": "GURUN", "parent": 41}},
{"pk": 477, "model": "reporters.location", "fields": { "code": "204005", "type": 4, "name": "KABA GIWA", "parent": 41}},
{"pk": 478, "model": "reporters.location", "fields": { "code": "204006", "type": 4, "name": "TATSAN", "parent": 41}},
{"pk": 479, "model": "reporters.location", "fields": { "code": "204007", "type": 4, "name": "TSANYAWA", "parent": 41}},
{"pk": 480, "model": "reporters.location", "fields": { "code": "204008", "type": 4, "name": "YANGANAU", "parent": 41}},
{"pk": 481, "model": "reporters.location", "fields": { "code": "204009", "type": 4, "name": "YANKAMAYE", "parent": 41}},
{"pk": 482, "model": "reporters.location", "fields": { "code": "204010", "type": 4, "name": "ZAROGI", "parent": 41}},
{"pk": 483, "model": "reporters.location", "fields": { "code": "204101", "type": 4, "name": "BABURI", "parent": 42}},
{"pk": 484, "model": "reporters.location", "fields": { "code": "204102", "type": 4, "name": "BURUN-BURUM", "parent": 42}},
{"pk": 485, "model": "reporters.location", "fields": { "code": "204103", "type": 4, "name": "DALAWA", "parent": 42}},
{"pk": 486, "model": "reporters.location", "fields": { "code": "204104", "type": 4, "name": "JANDUTSE", "parent": 42}},
{"pk": 487, "model": "reporters.location", "fields": { "code": "204105", "type": 4, "name": "JITA", "parent": 42}},
{"pk": 488, "model": "reporters.location", "fields": { "code": "204106", "type": 4, "name": "KAREFA", "parent": 42}},
{"pk": 489, "model": "reporters.location", "fields": { "code": "204107", "type": 4, "name": "NATA’ALA", "parent": 42}},
{"pk": 490, "model": "reporters.location", "fields": { "code": "204108", "type": 4, "name": "SABON GARI", "parent": 42}},
{"pk": 491, "model": "reporters.location", "fields": { "code": "204109", "type": 4, "name": "SHUWAKI", "parent": 42}},
{"pk": 492, "model": "reporters.location", "fields": { "code": "204110", "type": 4, "name": "TSOHON GARI", "parent": 42}},
{"pk": 493, "model": "reporters.location", "fields": { "code": "204111", "type": 4, "name": "YAR YASA", "parent": 42}},
{"pk": 494, "model": "reporters.location", "fields": { "code": "204201", "type": 4, "name": "BACHIRAWA", "parent": 43}},
{"pk": 495, "model": "reporters.location", "fields": { "code": "204202", "type": 4, "name": "GAYAWA", "parent": 43}},
{"pk": 496, "model": "reporters.location", "fields": { "code": "204203", "type": 4, "name": "KADAWA", "parent": 43}},
{"pk": 497, "model": "reporters.location", "fields": { "code": "204204", "type": 4, "name": "KARO", "parent": 43}},
{"pk": 498, "model": "reporters.location", "fields": { "code": "204205", "type": 4, "name": "PANISAU", "parent": 43}},
{"pk": 499, "model": "reporters.location", "fields": { "code": "204206", "type": 4, "name": "RANGAZA", "parent": 43}},
{"pk": 500, "model": "reporters.location", "fields": { "code": "204207", "type": 4, "name": "RIJIWAR ZAKI", "parent": 43}},
{"pk": 501, "model": "reporters.location", "fields": { "code": "204208", "type": 4, "name": "TUDUN FULANI", "parent": 43}},
{"pk": 502, "model": "reporters.location", "fields": { "code": "204209", "type": 4, "name": "UNGOGO", "parent": 43}},
{"pk": 503, "model": "reporters.location", "fields": { "code": "204210", "type": 4, "name": "YADAKUNYA", "parent": 43}},
{"pk": 504, "model": "reporters.location", "fields": { "code": "204211", "type": 4, "name": "ZANGO", "parent": 43}},
{"pk": 505, "model": "reporters.location", "fields": { "code": "204301", "type": 4, "name": "AMARAWA", "parent": 44}},
{"pk": 506, "model": "reporters.location", "fields": { "code": "204302", "type": 4, "name": "DALASAN", "parent": 44}},
{"pk": 507, "model": "reporters.location", "fields": { "code": "204303", "type": 4, "name": "GARUNDAU", "parent": 44}},
{"pk": 508, "model": "reporters.location", "fields": { "code": "204304", "type": 4, "name": "GOGEL", "parent": 44}},
{"pk": 509, "model": "reporters.location", "fields": { "code": "204305", "type": 4, "name": "IMAWA", "parent": 44}},
{"pk": 510, "model": "reporters.location", "fields": { "code": "204306", "type": 4, "name": "JEMAGU", "parent": 44}},
{"pk": 511, "model": "reporters.location", "fields": { "code": "204307", "type": 4, "name": "JIGAWA", "parent": 44}},
{"pk": 512, "model": "reporters.location", "fields": { "code": "204308", "type": 4, "name": "JUMAR GALADIMA", "parent": 44}},
{"pk": 513, "model": "reporters.location", "fields": { "code": "204309", "type": 4, "name": "KATAR KAWA", "parent": 44}},
{"pk": 514, "model": "reporters.location", "fields": { "code": "204310", "type": 4, "name": "MADARIN MATA", "parent": 44}},
{"pk": 515, "model": "reporters.location", "fields": { "code": "204311", "type": 4, "name": "TAMBURAWAR GABBAS", "parent": 44}},
{"pk": 516, "model": "reporters.location", "fields": { "code": "204312", "type": 4, "name": "TANAGAR", "parent": 44}},
{"pk": 517, "model": "reporters.location", "fields": { "code": "204313", "type": 4, "name": "WARAWA", "parent": 44}},
{"pk": 518, "model": "reporters.location", "fields": { "code": "204314", "type": 4, "name": "YANDALLA", "parent": 44}},
{"pk": 519, "model": "reporters.location", "fields": { "code": "204315", "type": 4, "name": "YANGIZO", "parent": 44}},
{"pk": 520, "model": "reporters.location", "fields": { "code": "204401", "type": 4, "name": "ACHIKA", "parent": 45}},
{"pk": 521, "model": "reporters.location", "fields": { "code": "204402", "type": 4, "name": "DAGAMAWA", "parent": 45}},
{"pk": 522, "model": "reporters.location", "fields": { "code": "204403", "type": 4, "name": "DANKAZA", "parent": 45}},
{"pk": 523, "model": "reporters.location", "fields": { "code": "204404", "type": 4, "name": "DARKI", "parent": 45}},
{"pk": 524, "model": "reporters.location", "fields": { "code": "204405", "type": 4, "name": "INDABO", "parent": 45}},
{"pk": 525, "model": "reporters.location", "fields": { "code": "204406", "type": 4, "name": "KAUSANI", "parent": 45}},
{"pk": 526, "model": "reporters.location", "fields": { "code": "204407", "type": 4, "name": "LAJAWA", "parent": 45}},
{"pk": 527, "model": "reporters.location", "fields": { "code": "204408", "type": 4, "name": "SABON GARI", "parent": 45}},
{"pk": 528, "model": "reporters.location", "fields": { "code": "204409", "type": 4, "name": "UTAI", "parent": 45}},
{"pk": 529, "model": "reporters.location", "fields": { "code": "204410", "type": 4, "name": "WUDIL", "parent": 45}},
{"pk": 1, "model": "reporters.persistantbackend", "fields": {"title": "TestScript"}}
]
